datasource__name,ontology__name,dtt,description,search_index,lastupdateddate,study__name,obid,name,alias,lastupdatedby,geom,obkeywords,createdby,createddate,xreflsid,statuscode,M0267:C05F2ACXX:5:250021037,K55:C08L7ACXX:6:250047986,alleles,Ki11:C08L7ACXX:6:250047990,M0027:C05F2ACXX:5:250020999,M0355:C05F2ACXX:5:250021064,CH701-30:C08L7ACXX:6:250047933,NC356:C08L7ACXX:6:250047939,assayLSID,CML45:C08L7ACXX:6:250047951,M0262:C05F2ACXX:5:250021035,CML281:C08L7ACXX:6:250047928,W117Ht:C08L7ACXX:6:250047949,CML91:C08L7ACXX:6:250048013,M0287:C05F2ACXX:5:250021052,CML332:C08L7ACXX:6:250047996,NC320:C08L7ACXX:6:250047967,CI.7:C08L7ACXX:6:250047981,33-16:C08L7ACXX:6:250047984,B76:C08L7ACXX:6:250047994,M0074:C05F2ACXX:5:250021022,M0014:C05F2ACXX:5:250021025,M0309:C05F2ACXX:5:250021043,M0281:C05F2ACXX:5:250021051,M0016:C05F2ACXX:5:250020989,M0025:C05F2ACXX:5:250021027,M0276:C05F2ACXX:5:250021039,NC318:C08L7ACXX:6:250047989,M0005:C05F2ACXX:5:250020995,M0297:C05F2ACXX:5:250021042,Va99:C08L7ACXX:6:250048001,M0321:C05F2ACXX:5:250021057,B73Htrhm:C08L7ACXX:6:250047925,CM105:C08L7ACXX:6:250047997,B73:C05F2ACXX:5:250020986,M0017:C05F2ACXX:5:250021029,M0360:C05F2ACXX:5:250021065,M0323:C05F2ACXX:5:250021070,M0076:C05F2ACXX:5:250021023,M0269:C05F2ACXX:5:250021049,chrom,strand,M0021:C05F2ACXX:5:250021026,protLSID,NC290A:C08L7ACXX:6:250047937,A682:C08L7ACXX:6:250047957,CML277:C08L7ACXX:6:250047966,B103:C08L7ACXX:6:250047956,EMPTY:C08L7ACXX:6:250047922,DE_3:C08L7ACXX:6:250047936,CML287:C08L7ACXX:6:250047941,M0337:C05F2ACXX:5:250021072,NC230:C08L7ACXX:6:250047946,NC300:C08L7ACXX:6:250047982,W182B:C08L7ACXX:6:250048007,A680:C08L7ACXX:6:250047931,M0264:C05F2ACXX:5:250021047,CI66:C08L7ACXX:6:250047983,A659:C08L7ACXX:6:250048004,NC338:C08L7ACXX:6:250047953,M0057:C05F2ACXX:5:250021018,M0058:C05F2ACXX:5:250021009,EP1:C08L7ACXX:6:250048006,M0317:C05F2ACXX:5:250021045,M0272:C05F2ACXX:5:250021038,A272:C08L7ACXX:6:250047954,CML92:C08L7ACXX:6:250047942,M0379:C05F2ACXX:5:250021068,M0063:C05F2ACXX:5:250021011,M0311:C05F2ACXX:5:250021044,M0012:C05F2ACXX:5:250020997,NC262:C08L7ACXX:6:250047948,CM174:C08L7ACXX:6:250047927,NC364:C08L7ACXX:6:250047976,B84:C08L7ACXX:6:250047993,M0043:C05F2ACXX:5:250021004,M0034:C05F2ACXX:5:250021031,Va59:C08L7ACXX:6:250047955,F7:C08L7ACXX:6:250048005,M0033:C05F2ACXX:5:250021002,W22:C08L7ACXX:6:250047969,M0365:C05F2ACXX:5:250021066,A619:C08L7ACXX:6:250047940,CI3A:C08L7ACXX:6:250047952,B97:C08L7ACXX:6:250047970,DE_2:C08L7ACXX:6:250047921,CI28A:C08L7ACXX:6:250047947,M0030:C05F2ACXX:5:250020992,SC213R:C08L7ACXX:6:250047978,M0378:C05F2ACXX:5:250021079,I137TN:C08L7ACXX:6:250048000,Tzi25:C08L7ACXX:6:250047965,Oh43E:C08L7ACXX:6:250047973,M0024:C05F2ACXX:5:250020998,M0341:C05F2ACXX:5:250021061,Pa875:C08L7ACXX:6:250047995,M0354:C05F2ACXX:5:250021075,M0035:C05F2ACXX:5:250021014,M0044:C05F2ACXX:5:250021016,M0368:C05F2ACXX:5:250021078,M0344:C05F2ACXX:5:250021073,M0051:C05F2ACXX:5:250021017,CML311:C08L7ACXX:6:250048014,A554:C08L7ACXX:6:250047963,H95:C08L7ACXX:6:250048012,Va22:C08L7ACXX:6:250048010,pos,rs#,M0029:C05F2ACXX:5:250021000,M0275:C05F2ACXX:5:250021050,M0322:C05F2ACXX:5:250021058,M0328:C05F2ACXX:5:250021060,CML333:C08L7ACXX:6:250047988,M0055:C05F2ACXX:5:250021008,M0023:C05F2ACXX:5:250020990,NC298:C08L7ACXX:6:250047971,R168:C08L7ACXX:6:250047929,M0060:C05F2ACXX:5:250021019,M14:C08L7ACXX:6:250047977,M0052:C05F2ACXX:5:250021007,M0010:C05F2ACXX:5:250021024,A239:C08L7ACXX:6:250047930,CML220:C08L7ACXX:6:250047985,M0298:C05F2ACXX:5:250021054,CO106:C08L7ACXX:6:250047961,M0369:C05F2ACXX:5:250021067,B77:C08L7ACXX:6:250047998,M0266:C05F2ACXX:5:250021048,M0061:C05F2ACXX:5:250021010,Os420:C08L7ACXX:6:250047960,M0001:C05F2ACXX:5:250020987,B104:C08L7ACXX:6:250047938,M0045:C05F2ACXX:5:250021005,M0066:C05F2ACXX:5:250021021,M0310:C05F2ACXX:5:250021055,assembly#,M0048:C05F2ACXX:5:250021006,M0315:C05F2ACXX:5:250021056,M0032:C05F2ACXX:5:250020993,NC250:C08L7ACXX:6:250047923,M0039:C05F2ACXX:5:250021003,CO125:C08L7ACXX:6:250047975,R109B:C08L7ACXX:6:250047926,M0288:C05F2ACXX:5:250021041,NC328:C08L7ACXX:6:250047932,CML258:C08L7ACXX:6:250047962,M0345:C05F2ACXX:5:250021062,M0326:C05F2ACXX:5:250021071,M0028:C05F2ACXX:5:250020991,M0046:C05F2ACXX:5:250021032,M0054:C05F2ACXX:5:250021033,panelLSID,M0008:C05F2ACXX:5:250020996,H91:C08L7ACXX:6:250047979,M0007:C05F2ACXX:5:250020988,M0265:C05F2ACXX:5:250021036,M0015:C05F2ACXX:5:250021028,M0284:C05F2ACXX:5:250021040,tripsacum:C08L7ACXX:6:250048015,M0079:C05F2ACXX:5:250021046,CML238:C08L7ACXX:6:250047992,Sg18:C08L7ACXX:6:250047958,CML228:C08L7ACXX:6:250047934,CML323:C08L7ACXX:6:250047968,M0062:C05F2ACXX:5:250021020,Ki14:C08L7ACXX:6:250047943,CML14:C08L7ACXX:6:250047945,A632:C08L7ACXX:6:250047950,F6:C08L7ACXX:6:250047964,M0352:C05F2ACXX:5:250021063,Oh603:C08L7ACXX:6:250047972,QCcode,CML157Q:C08L7ACXX:6:250048008,L317:C08L7ACXX:6:250047944,M0296:C05F2ACXX:5:250021053,WD:C08L7ACXX:6:250047935,IDS28:C08L7ACXX:6:250048002,M0384:C05F2ACXX:5:250021081,I29:C08L7ACXX:6:250047999,M0022:C05F2ACXX:5:250021030,M0075:C05F2ACXX:5:250021013,NC368:C08L7ACXX:6:250047959,M0364:C05F2ACXX:5:250021077,C103:C08L7ACXX:6:250048011,M0067:C05F2ACXX:5:250021012,Oh40B:C08L7ACXX:6:250047980,M0077:C05F2ACXX:5:250021034,center,M0040:C05F2ACXX:5:250021015,M0357:C05F2ACXX:5:250021076,M0382:C05F2ACXX:5:250021080,M0383:C05F2ACXX:5:250021069,CML52:C08L7ACXX:6:250047987,M0031:C05F2ACXX:5:250021001,W153R:C08L7ACXX:6:250048003,EMPTY:C08L7ACXX:6:250048016,M0325:C05F2ACXX:5:250021059,Mo17:C05F2ACXX:5:250020994,Va35:C08L7ACXX:6:250047974,A654:C08L7ACXX:6:250048009,M0346:C05F2ACXX:5:250021074,B109:C08L7ACXX:6:250047924,B10:C08L7ACXX:6:250047991
Import Dev,Genotype,2015-11-17 12:04:41.450179+00:00,,'66696':2 'genotyp':4 's9':1 'unknown':3,2015-11-17 12:04:41.453125+00:00,Dev,1,S9_66696,unknown,,"{""type"":""Point"",""coordinates"":[0,0]}",Genotype /,,2015-11-17 12:04:41.453103+00:00,Genotype./,1,N,C,A/C,N,A,A,C,N,NA,N,N,N,N,N,N,N,N,N,N,C,A,A,N,N,A,A,A,N,A,A,N,A,A,N,N,N,N,A,A,N,9,+,C,NA,N,N,N,N,N,N,N,N,C,N,N,N,A,N,N,N,N,A,N,A,N,C,N,A,N,A,A,N,N,C,N,N,N,N,N,N,N,N,N,A,N,A,N,A,N,N,A,N,C,N,N,N,N,N,A,C,A,A,N,N,N,N,66696,S9_66696,N,N,A,N,N,N,A,N,N,N,N,N,N,N,N,A,N,N,N,A,N,N,A,N,A,A,A,NA,A,A,N,N,A,C,N,A,A,C,N,N,A,C,N,NA,A,N,A,N,N,N,N,N,A,N,N,A,A,N,N,N,N,N,C,NA,N,N,N,N,N,A,N,N,A,N,A,N,N,N,A,NA,N,N,A,A,N,A,A,N,N,N,N,N,N,C,N
Import Dev,Genotype,2015-11-17 12:04:41.483592+00:00,,'67518':2 'genotyp':4 's9':1 'unknown':3,2015-11-17 12:04:41.486214+00:00,Dev,2,S9_67518,unknown,,"{""type"":""Point"",""coordinates"":[0,0]}",Genotype /,,2015-11-17 12:04:41.486192+00:00,Genotype./,1,N,N,G/A,N,G,N,N,N,NA,N,N,N,N,N,N,N,N,N,N,N,N,G,N,N,N,N,N,N,N,N,N,N,N,N,N,N,N,N,N,N,9,+,N,NA,N,N,N,A,N,N,N,N,N,N,N,G,N,N,A,N,N,N,N,N,N,N,N,N,N,N,G,N,N,N,N,N,N,N,N,G,N,N,N,G,N,N,N,G,N,G,G,N,N,N,N,N,N,N,N,N,N,N,N,N,N,N,67518,S9_67518,N,N,G,N,N,N,N,N,N,N,N,N,N,N,N,N,N,N,A,N,G,N,N,N,N,N,G,NA,N,N,N,N,N,N,N,N,N,N,N,N,N,N,N,NA,N,N,N,G,N,N,N,N,N,A,N,N,N,N,G,N,N,N,A,NA,N,N,N,N,A,N,A,N,N,N,N,N,N,N,N,NA,N,N,N,N,N,N,N,N,N,N,N,N,N,N,N
Import Dev,Genotype,2015-11-17 12:04:41.516322+00:00,,'67583':2 'genotyp':4 's9':1 'unknown':3,2015-11-17 12:04:41.521802+00:00,Dev,3,S9_67583,unknown,,"{""type"":""Point"",""coordinates"":[0,0]}",Genotype /,,2015-11-17 12:04:41.521761+00:00,Genotype./,1,N,N,C/T,N,C,C,T,N,NA,N,N,N,N,N,N,N,N,N,N,N,C,C,N,N,N,C,C,N,C,C,N,C,C,N,C,N,N,C,C,N,9,+,T,NA,N,N,C,N,N,N,N,N,N,N,N,C,C,N,N,N,N,C,N,N,N,N,N,C,N,C,C,N,N,N,C,T,N,N,N,C,N,N,N,C,N,C,N,C,N,C,C,N,N,T,N,N,C,N,C,T,C,N,N,N,N,N,67583,S9_67583,T,N,C,N,C,C,C,N,N,C,N,C,N,N,C,C,N,N,T,C,C,N,C,T,C,C,C,NA,N,C,C,N,C,N,N,C,N,N,C,N,N,T,N,NA,N,N,C,C,N,C,N,N,C,N,C,C,C,N,C,N,N,C,T,NA,N,N,N,N,N,C,N,C,C,N,C,N,T,N,C,NA,N,T,C,C,N,C,C,N,N,N,N,T,N,N,C
Import Dev,Genotype,2015-11-17 12:04:41.549803+00:00,,'67583':2 'genotyp':4 's9':1 'unknown':3,2015-11-17 12:04:41.554707+00:00,Dev,4,S9_67583,unknown,,"{""type"":""Point"",""coordinates"":[0,0]}",Genotype /,,2015-11-17 12:04:41.554662+00:00,Genotype./,1,N,T,C/T,N,C,C,N,N,NA,N,N,N,N,N,N,N,N,T,N,T,C,C,N,N,N,C,C,N,N,C,N,C,C,N,C,T,N,C,C,N,9,+,T,NA,N,N,N,T,N,N,N,N,T,N,N,C,C,T,T,N,N,C,N,C,T,N,N,C,N,C,C,N,N,T,C,N,N,N,T,C,N,N,N,C,N,C,N,C,N,C,C,N,T,N,N,N,C,N,C,N,C,C,N,N,N,T,67583,S9_67583,T,N,C,N,C,C,C,N,N,Y,N,C,N,N,N,C,N,N,N,N,C,N,C,N,N,C,C,NA,N,C,C,N,C,N,N,C,N,T,N,N,N,N,N,NA,N,N,C,C,N,C,N,N,C,N,C,N,C,N,C,N,N,N,T,NA,N,N,N,N,T,C,T,C,C,N,C,N,N,N,C,NA,N,N,N,C,N,C,C,N,N,N,N,T,C,T,C
Import Dev,Genotype,2015-11-17 12:04:41.583651+00:00,,'67628':2 'genotyp':4 's9':1 'unknown':3,2015-11-17 12:04:41.589902+00:00,Dev,5,S9_67628,unknown,,"{""type"":""Point"",""coordinates"":[0,0]}",Genotype /,,2015-11-17 12:04:41.589846+00:00,Genotype./,1,N,C,C/G,N,C,C,N,N,NA,N,N,N,N,N,N,N,N,C,N,C,C,C,N,N,N,C,C,N,N,C,N,C,C,N,C,C,N,C,C,N,9,+,C,NA,N,N,N,C,N,N,N,N,C,N,N,C,C,C,G,N,N,C,N,C,C,N,N,C,N,C,C,N,N,C,C,N,N,N,G,C,N,N,N,C,N,C,N,C,N,C,C,N,C,N,N,N,C,N,C,N,C,C,N,N,N,C,67628,S9_67628,C,N,C,N,C,C,C,N,N,C,N,C,N,N,N,C,N,N,N,N,C,N,C,N,N,C,C,NA,N,C,C,N,C,N,N,C,N,C,N,N,N,N,N,NA,N,N,C,C,N,C,N,N,C,N,C,N,C,N,C,N,N,N,C,NA,N,N,N,N,C,C,G,C,C,N,C,N,N,N,C,NA,N,N,N,C,N,C,C,N,N,N,N,C,C,G,C
Import Dev,Genotype,2015-11-17 12:04:41.617387+00:00,,'67753':2 'genotyp':4 's9':1 'unknown':3,2015-11-17 12:04:41.622947+00:00,Dev,6,S9_67753,unknown,,"{""type"":""Point"",""coordinates"":[0,0]}",Genotype /,,2015-11-17 12:04:41.622902+00:00,Genotype./,1,N,N,G/A,N,G,N,N,N,NA,N,N,N,N,N,N,N,N,N,N,N,N,G,A,N,N,G,G,N,N,N,N,G,G,N,N,N,N,G,N,N,9,+,N,NA,N,N,G,N,N,N,N,N,N,N,N,N,G,A,A,G,N,G,N,G,N,N,N,G,N,G,N,N,N,A,N,N,N,N,N,N,N,N,N,N,N,N,N,N,N,G,N,N,N,N,N,N,N,N,N,N,G,G,N,N,N,A,67753,S9_67753,N,N,N,N,G,N,N,N,N,N,N,N,N,N,N,G,N,N,N,N,N,N,N,N,G,N,N,NA,N,N,N,N,N,N,N,N,G,A,N,N,N,N,N,NA,N,N,G,N,N,N,N,N,N,A,G,G,N,N,N,N,N,N,N,NA,N,N,G,N,A,N,N,N,G,N,G,N,N,N,G,NA,N,N,N,N,N,G,N,N,N,N,N,N,N,N,N
Import Dev,Genotype,2015-11-17 12:04:41.650801+00:00,,'67801':2 'genotyp':4 's9':1 'unknown':3,2015-11-17 12:04:41.656910+00:00,Dev,7,S9_67801,unknown,,"{""type"":""Point"",""coordinates"":[0,0]}",Genotype /,,2015-11-17 12:04:41.656854+00:00,Genotype./,1,N,N,C/T,N,C,N,N,N,NA,N,N,N,N,N,N,N,N,N,N,N,N,C,T,N,N,C,C,N,N,N,N,C,C,N,N,N,N,C,N,N,9,+,N,NA,N,N,C,N,N,N,N,N,N,N,N,N,C,T,T,C,N,C,N,C,N,N,N,C,N,C,N,N,N,T,N,N,N,N,N,N,N,N,N,N,N,N,N,N,N,C,N,N,N,N,N,N,N,N,N,N,C,C,N,N,N,T,67801,S9_67801,N,N,N,N,C,N,N,N,N,N,N,N,N,N,N,C,N,N,N,N,N,N,N,N,C,N,N,NA,N,N,N,N,N,N,N,N,C,T,N,N,N,N,N,NA,N,N,C,N,N,N,N,N,N,T,C,C,N,N,N,N,N,N,N,NA,N,N,C,N,T,N,N,N,C,N,C,N,N,N,C,NA,N,N,N,N,N,C,N,N,N,N,N,N,N,N,N
Import Dev,Genotype,2015-11-17 12:04:41.684576+00:00,,'67871':2 'genotyp':4 's9':1 'unknown':3,2015-11-17 12:04:41.690249+00:00,Dev,8,S9_67871,unknown,,"{""type"":""Point"",""coordinates"":[0,0]}",Genotype /,,2015-11-17 12:04:41.690204+00:00,Genotype./,1,N,N,G/T,N,G,G,T,N,NA,N,N,N,N,N,N,N,N,N,N,N,G,G,N,N,G,G,G,N,G,G,N,G,G,N,N,N,N,G,G,N,9,+,N,NA,N,N,G,T,N,N,N,N,T,N,N,G,G,T,T,N,N,G,T,G,N,T,G,G,N,G,G,N,N,N,G,N,N,T,N,G,N,N,N,G,N,N,N,N,T,G,G,N,N,N,N,N,G,N,N,N,G,G,N,N,G,N,67871,S9_67871,N,N,G,N,G,N,G,N,N,N,N,G,N,N,N,G,N,N,T,G,N,N,N,T,G,G,N,NA,N,N,G,N,G,N,N,G,G,N,N,N,G,N,N,NA,G,N,G,G,N,N,N,N,G,T,G,G,G,N,N,N,N,N,T,NA,N,N,N,N,T,G,T,G,G,N,G,N,N,N,G,NA,N,N,G,G,N,G,G,N,N,N,N,T,N,N,N
Import Dev,Genotype,2015-11-17 12:04:41.718147+00:00,,'67871':2 'genotyp':4 's9':1 'unknown':3,2015-11-17 12:04:41.723801+00:00,Dev,9,S9_67871,unknown,,"{""type"":""Point"",""coordinates"":[0,0]}",Genotype /,,2015-11-17 12:04:41.723784+00:00,Genotype./,1,N,T,G/T,N,G,G,T,N,NA,N,N,N,N,N,G,N,N,N,T,N,G,G,N,N,G,G,N,N,N,G,N,G,G,N,G,N,N,G,G,N,9,+,N,NA,N,N,G,T,N,N,N,N,T,N,N,G,G,T,T,N,N,G,N,G,T,T,N,G,N,G,K,N,N,N,G,N,N,N,N,G,N,N,N,G,N,G,N,N,N,G,G,T,N,N,N,N,G,N,G,N,G,G,N,N,G,N,67871,S9_67871,N,N,N,N,G,G,G,N,N,N,N,N,N,N,N,G,N,N,T,G,G,N,N,T,G,G,N,NA,G,G,N,N,G,N,N,G,N,N,N,N,G,N,N,NA,N,N,G,G,T,N,N,N,G,T,G,G,G,G,N,N,N,G,N,NA,N,N,N,N,T,G,T,G,G,N,G,N,N,N,G,NA,N,N,G,G,N,G,G,N,N,N,N,T,G,T,G
Import Dev,Genotype,2015-11-17 12:04:41.751487+00:00,,'169517':2 'genotyp':4 's9':1 'unknown':3,2015-11-17 12:04:41.753636+00:00,Dev,10,S9_169517,unknown,,"{""type"":""Point"",""coordinates"":[0,0]}",Genotype /,,2015-11-17 12:04:41.753619+00:00,Genotype./,1,N,T,T/C,N,T,T,N,N,NA,T,N,Y,N,N,N,N,N,N,T,N,T,T,T,T,T,T,T,N,T,T,N,T,N,N,N,T,N,T,T,N,9,+,N,NA,T,N,N,N,N,N,N,N,T,T,N,N,N,N,C,T,N,T,N,T,T,N,T,T,N,T,T,T,N,N,T,N,N,T,N,T,N,T,N,C,T,T,N,T,T,T,T,N,N,N,T,N,N,T,T,N,T,T,C,C,N,N,169517,S9_169517,T,N,T,N,T,T,N,N,T,T,N,T,N,N,T,T,N,T,N,N,T,N,N,N,N,N,N,NA,T,T,N,N,T,T,N,T,T,N,T,N,N,T,T,NA,T,N,T,T,N,N,N,N,T,N,T,T,T,T,T,N,C,N,N,NA,T,T,T,C,N,N,T,T,T,N,T,T,T,N,N,NA,N,N,T,T,T,T,T,T,N,N,T,T,N,N,T
Import Dev,Genotype,2015-11-17 12:04:41.776789+00:00,,'169541':2 'genotyp':4 's9':1 'unknown':3,2015-11-17 12:04:41.778565+00:00,Dev,11,S9_169541,unknown,,"{""type"":""Point"",""coordinates"":[0,0]}",Genotype /,,2015-11-17 12:04:41.778551+00:00,Genotype./,1,N,C,C/T,N,C,C,N,N,NA,C,N,Y,N,N,N,N,N,N,C,N,C,C,C,C,C,C,C,N,C,C,N,C,N,N,N,C,N,C,C,N,9,+,N,NA,C,N,N,N,N,N,N,N,C,C,N,N,N,N,T,C,N,C,N,C,C,N,C,C,N,C,C,C,N,N,C,N,N,C,N,C,N,C,N,T,C,C,N,C,C,C,C,N,N,N,C,N,N,C,C,N,C,C,T,T,N,N,169541,S9_169541,C,N,C,N,C,C,N,N,C,C,N,C,N,N,C,C,N,C,N,N,C,N,N,N,N,N,N,NA,C,C,N,N,C,C,N,C,C,N,C,N,N,C,C,NA,C,N,C,C,N,N,N,N,C,N,C,C,C,C,C,N,T,N,N,NA,C,C,C,T,N,N,C,C,C,N,C,C,C,N,N,NA,N,N,C,C,C,C,C,C,N,N,C,C,N,N,C
Import Dev,Genotype,2015-11-17 12:04:41.800816+00:00,,'169543':2 'genotyp':4 's9':1 'unknown':3,2015-11-17 12:04:41.802568+00:00,Dev,12,S9_169543,unknown,,"{""type"":""Point"",""coordinates"":[0,0]}",Genotype /,,2015-11-17 12:04:41.802555+00:00,Genotype./,1,N,C,C/T,N,C,C,N,N,NA,C,N,Y,N,N,N,N,N,N,C,N,C,C,C,C,C,C,C,N,C,C,N,C,N,N,N,C,N,C,C,N,9,+,N,NA,C,N,N,N,N,N,N,N,C,C,N,N,N,N,T,C,N,C,N,C,C,N,C,C,N,C,C,C,N,N,C,N,N,C,N,C,N,C,N,T,C,C,N,C,C,C,C,N,N,N,C,N,N,C,C,N,C,C,T,T,N,N,169543,S9_169543,C,N,C,N,C,C,N,N,C,C,N,C,N,N,C,C,N,C,N,N,C,N,N,N,N,N,N,NA,C,C,N,N,C,C,N,C,C,N,C,N,N,C,C,NA,C,N,C,C,N,N,N,N,C,N,C,C,C,C,C,N,T,N,N,NA,C,C,C,T,N,N,C,C,C,N,C,C,C,N,N,NA,N,N,C,C,C,C,C,C,N,N,C,C,N,N,C
Import Dev,Genotype,2015-11-17 12:04:41.826578+00:00,,'311732':2 'genotyp':4 's9':1 'unknown':3,2015-11-17 12:04:41.832910+00:00,Dev,13,S9_311732,unknown,,"{""type"":""Point"",""coordinates"":[0,0]}",Genotype /,,2015-11-17 12:04:41.832853+00:00,Genotype./,1,N,N,C/A,A,C,N,N,N,NA,N,N,C,N,C,N,N,A,C,N,C,N,N,N,N,N,N,N,N,N,N,N,N,N,A,N,N,N,N,N,N,9,+,C,NA,N,N,N,N,N,N,N,N,C,N,N,C,N,N,N,N,N,N,N,N,N,N,N,N,C,N,N,N,N,C,N,N,N,N,N,N,N,N,N,C,N,N,N,N,N,N,C,N,N,N,N,C,C,N,C,N,C,N,N,N,N,N,311732,S9_311732,N,N,C,N,C,N,N,N,N,N,A,N,N,N,N,N,N,N,N,N,N,N,N,N,N,N,N,NA,N,N,N,N,N,N,N,C,N,C,C,N,N,C,N,NA,N,A,C,N,C,N,N,N,C,N,C,N,N,N,N,N,N,N,N,NA,N,N,N,N,C,N,N,C,C,N,N,N,N,A,N,NA,N,N,N,N,N,C,N,N,N,N,C,N,C,N,N
Import Dev,Genotype,2015-11-17 12:04:41.859827+00:00,,'311733':2 'genotyp':4 's9':1 'unknown':3,2015-11-17 12:04:41.862009+00:00,Dev,14,S9_311733,unknown,,"{""type"":""Point"",""coordinates"":[0,0]}",Genotype /,,2015-11-17 12:04:41.861991+00:00,Genotype./,1,N,N,G/T,T,G,N,N,N,NA,N,N,G,N,G,N,N,T,G,N,G,N,N,N,N,N,N,N,N,N,N,N,N,N,T,N,N,N,N,N,N,9,+,G,NA,N,N,N,N,N,N,N,N,G,N,N,G,N,N,N,N,N,N,N,N,N,N,N,N,G,N,N,N,N,G,N,N,N,N,N,N,N,N,N,G,N,N,N,N,N,N,G,N,N,N,N,G,G,N,G,N,G,N,N,N,N,N,311733,S9_311733,N,N,G,N,G,N,N,N,N,N,T,N,N,N,N,N,N,N,N,N,N,N,N,N,N,N,N,NA,N,N,N,N,N,N,N,G,N,G,G,N,N,G,N,NA,N,T,G,N,G,N,N,N,G,N,G,N,N,N,N,N,N,N,N,NA,N,N,N,N,G,N,N,G,G,N,N,N,N,T,N,NA,N,N,N,N,N,G,N,N,N,N,G,N,G,N,N
Import Dev,Genotype,2015-11-17 12:04:41.885714+00:00,,'312262':2 'genotyp':4 's9':1 'unknown':3,2015-11-17 12:04:41.891745+00:00,Dev,15,S9_312262,unknown,,"{""type"":""Point"",""coordinates"":[0,0]}",Genotype /,,2015-11-17 12:04:41.891728+00:00,Genotype./,1,N,C,T/C,C,T,N,N,N,NA,N,N,T,T,C,N,T,C,C,N,N,N,T,C,N,N,T,N,N,N,N,C,T,N,C,N,C,N,N,T,N,9,+,C,NA,N,N,N,N,N,N,N,N,N,T,C,T,N,N,N,N,N,N,N,N,N,C,C,N,N,N,T,N,N,C,T,N,N,N,N,N,N,C,C,N,C,N,T,N,N,N,N,N,N,C,C,N,T,N,N,C,T,N,N,N,N,N,312262,S9_312262,N,N,N,N,T,N,N,N,N,C,N,T,N,N,N,T,N,N,N,N,N,C,N,N,N,N,N,NA,N,T,N,N,N,T,N,N,N,C,N,N,N,T,N,NA,T,N,T,N,N,N,N,C,N,N,N,N,N,N,C,N,N,N,N,NA,N,N,C,N,N,N,N,T,T,N,N,N,N,N,T,NA,N,N,N,T,N,T,T,N,N,N,C,C,C,N,T
Import Dev,Genotype,2015-11-17 12:04:41.918815+00:00,,'313131':2 'genotyp':4 's9':1 'unknown':3,2015-11-17 12:04:41.923679+00:00,Dev,16,S9_313131,unknown,,"{""type"":""Point"",""coordinates"":[0,0]}",Genotype /,,2015-11-17 12:04:41.923622+00:00,Genotype./,1,T,T,C/T,N,C,N,N,N,NA,N,N,C,C,N,C,N,C,T,T,N,N,C,T,N,N,N,N,C,N,N,C,C,N,C,N,T,N,N,N,N,9,+,T,NA,N,T,C,N,N,C,N,N,T,N,C,N,C,N,T,N,N,N,T,N,T,N,N,C,N,N,C,N,N,N,C,N,N,N,N,N,C,N,N,N,C,C,C,N,N,N,N,N,T,N,N,N,N,N,N,N,C,C,C,C,N,N,313131,S9_313131,N,N,N,T,C,N,N,N,N,N,N,N,T,N,C,N,N,N,N,N,N,N,N,N,N,N,C,NA,N,N,N,N,N,C,C,N,C,T,N,N,N,T,T,NA,N,N,N,N,N,N,N,N,C,T,N,C,N,N,N,N,N,C,N,NA,T,N,T,N,N,N,T,N,N,N,C,C,N,N,N,NA,N,N,N,C,T,C,N,N,N,N,N,T,T,N,N
Import Dev,Genotype,2015-11-17 12:04:41.952796+00:00,,'317150':2 'genotyp':4 's9':1 'unknown':3,2015-11-17 12:04:41.958480+00:00,Dev,17,S9_317150,unknown,,"{""type"":""Point"",""coordinates"":[0,0]}",Genotype /,,2015-11-17 12:04:41.958425+00:00,Genotype./,1,N,N,A/T,N,N,N,N,N,NA,N,N,N,N,N,N,A,T,N,N,N,N,N,A,N,N,N,N,N,N,N,N,N,N,N,N,N,N,N,N,N,9,+,A,NA,N,N,N,N,N,N,T,N,N,N,T,N,N,N,N,N,N,N,A,N,N,A,N,N,N,N,N,N,N,N,N,N,N,N,N,N,N,N,N,A,N,N,A,N,N,N,N,N,N,N,A,N,N,A,N,N,N,N,N,N,N,N,317150,S9_317150,N,N,N,N,N,N,N,N,N,N,N,N,N,N,N,N,N,N,N,N,N,N,N,A,N,N,N,NA,N,N,N,N,N,N,N,N,N,N,N,N,N,A,N,NA,N,N,N,N,N,N,N,A,N,N,N,A,N,N,A,N,N,N,A,NA,T,N,N,N,A,N,N,N,N,N,N,N,A,N,N,NA,N,A,N,N,N,N,N,N,N,N,N,N,A,N,N
Import Dev,Genotype,2015-11-17 12:04:41.986558+00:00,,'318633':2 'genotyp':4 's9':1 'unknown':3,2015-11-17 12:04:41.992857+00:00,Dev,18,S9_318633,unknown,,"{""type"":""Point"",""coordinates"":[0,0]}",Genotype /,,2015-11-17 12:04:41.992802+00:00,Genotype./,1,N,C,C/A,C,N,N,N,N,NA,C,N,C,N,C,A,C,N,N,C,C,N,N,A,N,N,N,A,C,N,N,N,A,N,C,A,N,N,A,N,N,9,+,N,NA,C,A,N,N,N,N,C,A,N,N,C,A,N,C,N,N,N,N,C,N,N,N,C,N,N,A,N,N,N,C,A,A,A,C,C,N,C,N,N,C,C,N,N,N,N,N,C,C,N,N,N,C,N,A,N,N,N,N,C,N,N,C,318633,S9_318633,A,N,N,N,N,N,N,N,N,N,N,N,N,N,C,A,N,N,N,N,N,N,N,N,N,N,N,NA,N,N,N,C,N,C,N,A,A,A,N,N,N,A,N,NA,N,N,A,N,N,N,N,N,N,N,N,N,N,N,C,N,N,N,A,NA,N,C,A,N,C,N,N,N,N,N,N,C,N,N,N,NA,N,A,N,A,N,N,C,N,N,N,N,N,N,N,A
Import Dev,Genotype,2015-11-17 12:04:42.020227+00:00,,'318726':2 'genotyp':4 's9':1 'unknown':3,2015-11-17 12:04:42.025951+00:00,Dev,19,S9_318726,unknown,,"{""type"":""Point"",""coordinates"":[0,0]}",Genotype /,,2015-11-17 12:04:42.025906+00:00,Genotype./,1,A,G,A/G,G,N,A,G,G,NA,G,A,G,G,G,N,G,G,G,G,G,N,A,A,N,N,A,A,G,A,A,G,A,A,G,A,A,N,A,A,N,9,+,A,NA,G,A,G,A,N,G,G,A,G,G,G,A,A,G,G,G,A,A,G,A,A,A,G,A,A,A,A,G,G,G,A,N,A,G,G,A,G,A,G,G,G,G,N,A,A,A,G,G,A,N,A,G,A,N,A,N,A,A,G,A,G,G,318726,S9_318726,A,N,A,N,G,A,N,G,G,A,G,A,N,G,G,A,G,A,A,A,A,G,A,N,N,A,A,NA,N,A,A,G,A,G,N,A,A,A,N,N,A,A,A,NA,A,N,A,A,A,N,N,A,G,G,G,G,A,G,G,A,G,A,N,NA,G,G,N,G,G,A,G,A,A,G,A,N,A,G,A,NA,A,A,N,A,G,A,G,N,N,N,G,A,A,G,A
Import Dev,Genotype,2015-11-17 12:04:42.052415+00:00,,'318726':2 'genotyp':4 's9':1 'unknown':3,2015-11-17 12:04:42.058479+00:00,Dev,20,S9_318726,unknown,,"{""type"":""Point"",""coordinates"":[0,0]}",Genotype /,,2015-11-17 12:04:42.058423+00:00,Genotype./,1,A,G,A/G,G,A,A,G,G,NA,G,N,G,G,G,A,N,G,G,G,G,A,A,A,N,N,N,A,G,A,A,N,A,A,G,A,N,N,A,A,N,9,+,A,NA,G,A,G,A,N,G,N,N,G,G,G,A,A,G,G,G,N,A,G,N,A,A,G,A,N,A,A,G,G,G,A,A,A,G,G,A,G,N,G,G,G,G,G,N,A,A,G,G,A,A,N,G,A,A,N,A,A,A,N,N,G,N,318726,S9_318726,A,N,A,N,G,A,A,G,G,A,G,N,A,G,G,A,G,N,A,A,A,G,N,G,A,A,A,NA,N,A,N,G,A,G,G,A,A,A,A,N,A,A,N,NA,A,G,A,N,A,N,N,A,G,G,G,G,A,G,G,A,G,A,A,NA,N,G,A,G,G,A,N,A,A,G,A,G,A,G,N,NA,A,A,A,A,G,A,G,N,N,N,G,A,A,G,A
Import Dev,Genotype,2015-11-17 12:04:42.086188+00:00,,'318789':2 'genotyp':4 's9':1 'unknown':3,2015-11-17 12:04:42.092554+00:00,Dev,21,S9_318789,unknown,,"{""type"":""Point"",""coordinates"":[0,0]}",Genotype /,,2015-11-17 12:04:42.092497+00:00,Genotype./,1,N,T,G/T,G,G,G,G,N,NA,N,N,T,G,T,G,T,G,T,T,T,N,G,G,N,N,G,G,G,G,N,G,G,G,G,N,G,G,G,N,N,9,+,G,NA,G,G,T,N,N,N,N,N,T,T,G,G,G,T,T,G,N,N,T,N,G,G,N,G,N,G,G,N,G,N,N,G,N,T,N,N,G,N,N,T,G,N,T,G,G,N,T,N,G,N,N,T,G,N,G,G,G,G,T,G,T,T,318789,S9_318789,N,N,N,N,T,N,N,T,G,N,G,G,G,G,G,G,T,G,G,G,N,G,N,T,N,G,G,NA,N,G,N,G,G,T,N,G,G,G,G,G,N,G,G,NA,N,N,G,G,N,N,N,N,T,T,T,T,N,N,T,G,N,N,N,NA,G,G,G,N,G,G,T,G,N,T,G,G,G,G,N,NA,N,N,G,G,T,G,T,N,G,N,T,G,N,N,G
Import Dev,Genotype,2015-11-17 12:04:42.119845+00:00,,'318789':2 'genotyp':4 's9':1 'unknown':3,2015-11-17 12:04:42.126162+00:00,Dev,22,S9_318789,unknown,,"{""type"":""Point"",""coordinates"":[0,0]}",Genotype /,,2015-11-17 12:04:42.126106+00:00,Genotype./,1,N,N,G/T,G,N,N,N,T,NA,T,N,T,G,T,G,N,G,N,T,T,G,G,N,G,N,G,G,G,N,N,G,G,G,G,G,N,N,G,G,N,9,+,G,NA,G,G,T,N,N,G,G,N,T,T,G,G,G,N,T,G,G,N,T,N,G,G,T,G,G,G,G,G,G,T,G,N,G,T,G,G,G,N,G,T,G,N,T,G,G,N,T,T,G,G,G,T,N,G,N,G,G,N,T,G,T,T,318789,S9_318789,N,N,N,N,T,N,N,T,G,N,G,G,N,N,G,G,T,N,N,G,G,G,N,T,G,N,G,NA,N,N,N,G,N,T,G,N,G,G,G,N,N,G,G,NA,G,N,G,N,N,N,N,N,T,N,T,T,N,N,T,G,G,G,G,NA,N,N,G,G,G,N,T,N,G,T,N,G,G,G,G,NA,G,G,N,G,T,G,T,N,N,N,T,G,G,T,G
Import Dev,Genotype,2015-11-17 12:04:42.153306+00:00,,'408200':2 'genotyp':4 's9':1 'unknown':3,2015-11-17 12:04:42.156818+00:00,Dev,23,S9_408200,unknown,,"{""type"":""Point"",""coordinates"":[0,0]}",Genotype /,,2015-11-17 12:04:42.156800+00:00,Genotype./,1,N,T,T/A,N,N,N,N,N,NA,N,N,N,N,N,A,N,N,T,T,N,N,A,N,N,N,N,N,W,N,N,W,N,N,N,N,N,N,N,N,N,9,+,N,NA,N,T,N,N,N,N,N,N,N,N,N,N,N,N,T,N,N,N,N,N,N,T,N,N,N,A,N,N,A,N,N,N,N,N,N,N,N,N,N,N,N,T,N,N,N,N,N,T,T,N,N,N,N,N,N,N,N,N,N,N,N,N,408200,S9_408200,N,N,N,N,N,N,N,N,N,N,N,N,N,N,T,N,N,N,T,N,N,T,N,N,N,N,N,NA,N,N,N,N,N,N,N,N,N,N,N,N,N,N,N,NA,N,N,N,N,N,N,N,N,N,T,T,N,N,N,N,A,N,N,N,NA,N,N,N,N,T,N,T,A,N,N,A,N,N,N,N,NA,N,N,N,N,N,N,N,N,N,N,N,T,N,N,N
Import Dev,Genotype,2015-11-17 12:04:42.186751+00:00,,'408202':2 'genotyp':4 's9':1 'unknown':3,2015-11-17 12:04:42.191585+00:00,Dev,24,S9_408202,unknown,,"{""type"":""Point"",""coordinates"":[0,0]}",Genotype /,,2015-11-17 12:04:42.191502+00:00,Genotype./,1,N,T,T/A,N,N,N,N,N,NA,N,N,N,N,N,T,N,N,T,T,N,N,T,N,N,N,N,N,T,N,N,T,N,N,N,N,N,N,N,N,N,9,+,N,NA,N,T,N,N,N,N,N,N,N,N,N,N,N,N,T,N,N,N,N,N,N,T,N,N,N,T,N,N,T,N,N,N,N,N,N,N,N,N,N,N,N,T,N,N,N,N,N,T,T,N,N,N,N,N,N,N,N,N,N,N,N,N,408202,S9_408202,N,N,N,N,N,N,N,N,N,N,N,N,N,N,A,N,N,N,T,N,N,T,N,N,N,N,N,NA,N,N,N,N,N,N,N,N,N,N,N,N,N,N,N,NA,N,N,N,N,N,N,N,N,N,A,T,N,N,N,N,T,N,N,N,NA,N,N,N,N,A,N,T,T,N,N,T,N,N,N,N,NA,N,N,N,N,N,N,N,N,N,N,N,T,N,N,N
Import Dev,Genotype,2015-11-17 12:04:42.220386+00:00,,'408204':2 'genotyp':4 's9':1 'unknown':3,2015-11-17 12:04:42.222453+00:00,Dev,25,S9_408204,unknown,,"{""type"":""Point"",""coordinates"":[0,0]}",Genotype /,,2015-11-17 12:04:42.222436+00:00,Genotype./,1,N,T,T/A,N,N,N,N,N,NA,N,N,N,N,N,A,N,N,T,T,N,N,A,N,N,N,N,N,W,N,N,W,N,N,N,N,N,N,N,N,N,9,+,N,NA,N,T,N,N,N,N,N,N,N,N,N,N,N,N,T,N,N,N,N,N,N,T,N,N,N,A,N,N,A,N,N,N,N,N,N,N,N,N,N,N,N,T,N,N,N,N,N,T,T,N,N,N,N,N,N,N,N,N,N,N,N,N,408204,S9_408204,N,N,N,N,N,N,N,N,N,N,N,N,N,N,T,N,N,N,T,N,N,T,N,N,N,N,N,NA,N,N,N,N,N,N,N,N,N,N,N,N,N,N,N,NA,N,N,N,N,N,N,N,N,N,T,T,N,N,N,N,A,N,N,N,NA,N,N,N,N,T,N,T,A,N,N,A,N,N,N,N,NA,N,N,N,N,N,N,N,N,N,N,N,T,N,N,N
Import Dev,Genotype,2015-11-17 12:04:42.245736+00:00,,'408206':2 'genotyp':4 's9':1 'unknown':3,2015-11-17 12:04:42.248369+00:00,Dev,26,S9_408206,unknown,,"{""type"":""Point"",""coordinates"":[0,0]}",Genotype /,,2015-11-17 12:04:42.248313+00:00,Genotype./,1,N,G,G/A,N,N,N,N,N,NA,N,N,N,N,N,A,N,N,G,G,N,N,A,N,N,N,N,N,R,N,N,R,N,N,N,N,N,N,N,N,N,9,+,N,NA,N,G,N,N,N,N,N,N,N,N,N,N,N,N,G,N,N,N,N,N,N,G,N,N,N,A,N,N,A,N,N,N,N,N,N,N,N,N,N,N,N,G,N,N,N,N,N,G,G,N,N,N,N,N,N,N,N,N,N,N,N,N,408206,S9_408206,N,N,N,N,N,N,N,N,N,N,N,N,N,N,G,N,N,N,G,N,N,G,N,N,N,N,N,NA,N,N,N,N,N,N,N,N,N,N,N,N,N,N,N,NA,N,N,N,N,N,N,N,N,N,G,G,N,N,N,N,A,N,N,N,NA,N,N,N,N,G,N,G,A,N,N,A,N,N,N,N,NA,N,N,N,N,N,N,N,N,N,N,N,G,N,N,N
Import Dev,Genotype,2015-11-17 12:04:42.279863+00:00,,'408208':2 'genotyp':4 's9':1 'unknown':3,2015-11-17 12:04:42.286103+00:00,Dev,27,S9_408208,unknown,,"{""type"":""Point"",""coordinates"":[0,0]}",Genotype /,,2015-11-17 12:04:42.286047+00:00,Genotype./,1,N,G,G/A,N,N,N,N,N,NA,N,N,N,N,N,G,N,N,A,A,N,N,G,N,N,N,N,N,R,N,N,G,N,N,N,N,N,N,N,N,N,9,+,N,NA,N,A,N,N,N,N,N,N,N,N,N,N,N,N,G,N,N,N,N,N,N,G,N,N,N,G,N,N,G,N,N,N,N,N,N,N,N,N,N,N,N,R,N,N,N,N,N,A,G,N,N,N,N,N,N,N,N,N,N,N,N,N,408208,S9_408208,N,N,N,N,N,N,N,N,N,N,N,N,N,N,G,N,N,N,A,N,N,A,N,N,N,N,N,NA,N,N,N,N,N,N,N,N,N,N,N,N,N,N,N,NA,N,N,N,N,N,N,N,N,N,G,A,N,N,N,N,G,N,N,N,NA,N,N,N,N,G,N,A,G,N,N,G,N,N,N,N,NA,N,N,N,N,N,N,N,N,N,N,N,A,N,N,N
Import Dev,Genotype,2015-11-17 12:04:42.313461+00:00,,'408218':2 'genotyp':4 's9':1 'unknown':3,2015-11-17 12:04:42.318946+00:00,Dev,28,S9_408218,unknown,,"{""type"":""Point"",""coordinates"":[0,0]}",Genotype /,,2015-11-17 12:04:42.318901+00:00,Genotype./,1,N,C,C/T,N,N,N,N,N,NA,N,N,N,N,N,C,N,N,T,T,N,N,C,N,N,N,N,N,Y,N,N,C,N,N,N,N,N,N,N,N,N,9,+,N,NA,N,T,N,N,N,N,N,N,N,N,N,N,N,N,C,N,N,N,N,N,N,C,N,N,N,C,N,N,C,N,N,N,N,N,N,N,N,N,N,N,N,Y,N,N,N,N,N,T,C,N,N,N,N,N,N,N,N,N,N,N,N,N,408218,S9_408218,N,N,N,N,N,N,N,N,N,N,N,N,N,N,C,N,N,N,T,N,N,T,N,N,N,N,N,NA,N,N,N,N,N,N,N,N,N,N,N,N,N,N,N,NA,N,N,N,N,N,N,N,N,N,C,T,N,N,N,N,C,N,N,N,NA,N,N,N,N,C,N,T,C,N,N,C,N,N,N,N,NA,N,N,N,N,N,N,N,N,N,N,N,T,N,N,N
Import Dev,Genotype,2015-11-17 12:04:42.345495+00:00,,'408222':2 'genotyp':4 's9':1 'unknown':3,2015-11-17 12:04:42.351158+00:00,Dev,29,S9_408222,unknown,,"{""type"":""Point"",""coordinates"":[0,0]}",Genotype /,,2015-11-17 12:04:42.351100+00:00,Genotype./,1,N,G,G/C,N,N,N,N,N,NA,N,N,N,N,N,C,N,N,G,G,N,N,C,N,N,N,N,N,S,N,N,S,N,N,N,N,N,N,N,N,N,9,+,N,NA,N,G,N,N,N,N,N,N,N,N,N,N,N,N,G,N,N,N,N,N,N,G,N,N,N,C,N,N,C,N,N,N,N,N,N,N,N,N,N,N,N,G,N,N,N,N,N,G,G,N,N,N,N,N,N,N,N,N,N,N,N,N,408222,S9_408222,N,N,N,N,N,N,N,N,N,N,N,N,N,N,G,N,N,N,G,N,N,G,N,N,N,N,N,NA,N,N,N,N,N,N,N,N,N,N,N,N,N,N,N,NA,N,N,N,N,N,N,N,N,N,G,G,N,N,N,N,C,N,N,N,NA,N,N,N,N,G,N,G,C,N,N,C,N,N,N,N,NA,N,N,N,N,N,N,N,N,N,N,N,G,N,N,N
Import Dev,Genotype,2015-11-17 12:04:42.379334+00:00,,'408225':2 'genotyp':4 's9':1 'unknown':3,2015-11-17 12:04:42.385683+00:00,Dev,30,S9_408225,unknown,,"{""type"":""Point"",""coordinates"":[0,0]}",Genotype /,,2015-11-17 12:04:42.385626+00:00,Genotype./,1,N,C,T/C,N,N,N,N,N,NA,N,N,N,N,N,T,N,N,T,T,N,N,T,N,N,N,N,N,T,N,N,Y,N,N,N,N,N,N,N,N,N,9,+,N,NA,N,T,N,N,N,N,N,N,N,N,N,N,N,N,C,N,N,N,N,N,N,C,N,N,N,T,N,N,T,N,N,N,N,N,N,N,N,N,N,N,N,Y,N,N,N,N,N,T,C,N,N,N,N,N,N,N,N,N,N,N,N,N,408225,S9_408225,N,N,N,N,N,N,N,N,N,N,N,N,N,N,C,N,N,N,T,N,N,T,N,N,N,N,N,NA,N,N,N,N,N,N,N,N,N,N,N,N,N,N,N,NA,N,N,N,N,N,N,N,N,N,C,T,N,N,N,N,T,N,N,N,NA,N,N,N,N,C,N,T,T,N,N,T,N,N,N,N,NA,N,N,N,N,N,N,N,N,N,N,N,T,N,N,N
Import Dev,Genotype,2015-11-17 12:04:42.413445+00:00,,'460045':2 'genotyp':4 's9':1 'unknown':3,2015-11-17 12:04:42.419030+00:00,Dev,31,S9_460045,unknown,,"{""type"":""Point"",""coordinates"":[0,0]}",Genotype /,,2015-11-17 12:04:42.418985+00:00,Genotype./,1,N,N,A/C,A,A,A,A,N,NA,N,N,N,N,N,N,N,C,N,N,N,A,A,N,N,N,N,A,A,N,A,N,N,N,A,N,A,A,A,N,N,9,+,N,NA,A,N,A,N,N,N,N,N,N,N,C,N,A,N,N,N,N,N,N,N,A,N,N,N,N,A,N,A,A,N,N,N,N,N,C,A,A,N,A,N,M,N,N,A,N,N,A,A,A,A,N,N,N,N,N,N,N,A,A,N,N,N,460045,S9_460045,A,N,A,N,A,A,A,N,N,N,A,N,A,N,C,N,N,N,A,A,N,C,N,N,N,N,A,NA,A,N,N,N,A,A,C,A,N,N,N,N,N,N,A,NA,N,N,A,N,A,N,N,N,N,N,N,N,N,N,N,M,A,N,N,NA,A,N,A,N,A,N,A,N,A,N,N,N,N,N,N,NA,A,N,N,N,N,A,N,N,N,A,A,A,A,N,N
Import Dev,Genotype,2015-11-17 12:04:42.446350+00:00,,'460057':2 'genotyp':4 's9':1 'unknown':3,2015-11-17 12:04:42.449922+00:00,Dev,32,S9_460057,unknown,,"{""type"":""Point"",""coordinates"":[0,0]}",Genotype /,,2015-11-17 12:04:42.449866+00:00,Genotype./,1,N,N,C/G,C,C,C,C,N,NA,N,N,N,N,N,N,N,G,N,N,N,C,C,N,N,N,N,C,C,N,C,N,N,N,C,N,C,C,C,N,N,9,+,N,NA,C,N,C,N,N,N,N,N,N,N,G,N,C,N,N,N,N,N,N,N,C,N,N,N,N,C,N,C,C,N,N,N,N,N,G,C,C,N,C,N,S,N,N,C,N,N,C,C,C,C,N,N,N,N,N,N,N,C,C,N,N,N,460057,S9_460057,C,N,C,N,C,C,C,N,N,N,C,N,C,N,G,N,N,N,C,C,N,G,N,N,N,N,C,NA,C,N,N,N,C,C,G,C,N,N,N,N,N,N,C,NA,N,N,C,N,C,N,N,N,N,N,N,N,N,N,N,S,C,N,N,NA,C,N,C,N,C,N,C,N,C,N,N,N,N,N,N,NA,C,N,N,N,N,C,N,N,N,C,C,C,C,N,N
Import Dev,Genotype,2015-11-17 12:04:42.480022+00:00,,'460061':2 'genotyp':4 's9':1 'unknown':3,2015-11-17 12:04:42.482200+00:00,Dev,33,S9_460061,unknown,,"{""type"":""Point"",""coordinates"":[0,0]}",Genotype /,,2015-11-17 12:04:42.482182+00:00,Genotype./,1,N,N,C/T,Y,C,C,C,N,NA,N,N,N,N,N,N,N,N,N,N,N,C,C,N,N,N,N,C,T,N,C,N,N,N,C,N,C,C,C,N,N,9,+,N,NA,T,N,C,N,N,N,N,N,N,N,N,N,C,N,N,N,N,N,N,N,C,N,N,N,N,C,N,T,C,N,N,N,N,N,N,C,Y,N,T,N,N,N,N,C,N,N,C,C,T,C,N,N,N,N,N,N,N,C,C,N,N,N,460061,S9_460061,C,N,C,N,C,C,C,N,N,N,C,N,C,N,N,N,N,N,C,C,N,N,N,N,N,N,C,NA,C,N,N,N,C,T,N,C,N,N,N,N,N,N,C,NA,N,N,C,N,C,N,N,N,N,N,N,N,N,N,N,N,T,N,N,NA,C,N,C,N,T,N,C,N,C,N,N,N,N,N,N,NA,C,N,N,N,N,C,N,N,N,C,T,T,C,N,N
Import Dev,Genotype,2015-11-17 12:04:42.505475+00:00,,'460063':2 'genotyp':4 's9':1 'unknown':3,2015-11-17 12:04:42.508962+00:00,Dev,34,S9_460063,unknown,,"{""type"":""Point"",""coordinates"":[0,0]}",Genotype /,,2015-11-17 12:04:42.508931+00:00,Genotype./,1,N,N,A/C,A,A,A,A,N,NA,N,N,N,N,N,N,N,C,N,N,N,A,A,N,N,N,N,A,A,N,A,N,N,N,A,N,A,A,A,N,N,9,+,N,NA,A,N,A,N,N,N,N,N,N,N,C,N,A,N,N,N,N,N,N,N,A,N,N,N,N,A,N,A,A,N,N,N,N,N,C,A,A,N,A,N,M,N,N,A,N,N,A,A,A,A,N,N,N,N,N,N,N,A,A,N,N,N,460063,S9_460063,A,N,A,N,A,A,A,N,N,N,A,N,A,N,C,N,N,N,A,A,N,C,N,N,N,N,A,NA,A,N,N,N,A,A,C,A,N,N,N,N,N,N,A,NA,N,N,A,N,A,N,N,N,N,N,N,N,N,N,N,M,A,N,N,NA,A,N,A,N,A,N,A,N,A,N,N,N,N,N,N,NA,A,N,N,N,N,A,N,N,N,A,A,A,A,N,N
Import Dev,Genotype,2015-11-17 12:04:42.539135+00:00,,'460064':2 'genotyp':4 's9':1 'unknown':3,2015-11-17 12:04:42.542626+00:00,Dev,35,S9_460064,unknown,,"{""type"":""Point"",""coordinates"":[0,0]}",Genotype /,,2015-11-17 12:04:42.542595+00:00,Genotype./,1,N,N,C/T,C,C,C,C,N,NA,N,N,N,N,N,N,N,T,N,N,N,C,C,N,N,N,N,C,C,N,C,N,N,N,C,N,C,C,C,N,N,9,+,N,NA,C,N,C,N,N,N,N,N,N,N,T,N,C,N,N,N,N,N,N,N,C,N,N,N,N,C,N,C,C,N,N,N,N,N,T,C,C,N,C,N,Y,N,N,C,N,N,C,C,C,C,N,N,N,N,N,N,N,C,C,N,N,N,460064,S9_460064,C,N,C,N,C,C,C,N,N,N,C,N,C,N,T,N,N,N,C,C,N,T,N,N,N,N,C,NA,C,N,N,N,C,C,T,C,N,N,N,N,N,N,C,NA,N,N,C,N,C,N,N,N,N,N,N,N,N,N,N,Y,C,N,N,NA,C,N,C,N,C,N,C,N,C,N,N,N,N,N,N,NA,C,N,N,N,N,C,N,N,N,C,C,C,C,N,N
Import Dev,Genotype,2015-11-17 12:04:42.573046+00:00,,'460069':2 'genotyp':4 's9':1 'unknown':3,2015-11-17 12:04:42.578944+00:00,Dev,36,S9_460069,unknown,,"{""type"":""Point"",""coordinates"":[0,0]}",Genotype /,,2015-11-17 12:04:42.578900+00:00,Genotype./,1,N,N,T/A,T,T,T,T,N,NA,N,N,N,N,N,N,N,A,N,N,N,T,T,N,N,N,N,T,T,N,T,N,N,N,T,N,T,T,T,N,N,9,+,N,NA,T,N,T,N,N,N,N,N,N,N,A,N,T,N,N,N,N,N,N,N,T,N,N,N,N,T,N,T,T,N,N,N,N,N,A,T,T,N,T,N,W,N,N,T,N,N,T,T,T,T,N,N,N,N,N,N,N,T,T,N,N,N,460069,S9_460069,T,N,T,N,T,T,T,N,N,N,T,N,T,N,A,N,N,N,T,T,N,A,N,N,N,N,T,NA,T,N,N,N,T,T,A,T,N,N,N,N,N,N,T,NA,N,N,T,N,T,N,N,N,N,N,N,N,N,N,N,W,T,N,N,NA,T,N,T,N,T,N,T,N,T,N,N,N,N,N,N,NA,T,N,N,N,N,T,N,N,N,T,T,T,T,N,N
Import Dev,Genotype,2015-11-17 12:04:42.785513+00:00,,'460077':2 'genotyp':4 's9':1 'unknown':3,2015-11-17 12:04:42.787169+00:00,Dev,37,S9_460077,unknown,,"{""type"":""Point"",""coordinates"":[0,0]}",Genotype /,,2015-11-17 12:04:42.787157+00:00,Genotype./,1,N,N,A/C,A,A,A,A,N,NA,N,N,N,N,N,N,N,C,N,N,N,A,A,N,N,N,N,A,A,N,A,N,N,N,A,N,A,A,A,N,N,9,+,N,NA,A,N,A,N,N,N,N,N,N,N,C,N,A,N,N,N,N,N,N,N,A,N,N,N,N,A,N,A,A,N,N,N,N,N,C,A,A,N,A,N,M,N,N,A,N,N,A,A,A,A,N,N,N,N,N,N,N,A,A,N,N,N,460077,S9_460077,A,N,A,N,A,A,A,N,N,N,A,N,A,N,C,N,N,N,A,A,N,C,N,N,N,N,A,NA,A,N,N,N,A,A,C,A,N,N,N,N,N,N,A,NA,N,N,A,N,A,N,N,N,N,N,N,N,N,N,N,M,A,N,N,NA,A,N,A,N,A,N,A,N,A,N,N,N,N,N,N,NA,A,N,N,N,N,A,N,N,N,A,A,A,A,N,N
Import Dev,Genotype,2015-11-17 12:04:42.821791+00:00,,'460111':2 'genotyp':4 's9':1 'unknown':3,2015-11-17 12:04:42.823549+00:00,Dev,38,S9_460111,unknown,,"{""type"":""Point"",""coordinates"":[0,0]}",Genotype /,,2015-11-17 12:04:42.823535+00:00,Genotype./,1,T,N,C/T,C,N,C,T,N,NA,N,T,T,T,C,C,N,N,N,N,N,T,C,T,T,N,C,C,C,N,C,N,C,N,C,C,N,N,N,N,N,9,+,T,NA,N,T,N,T,N,T,N,N,N,C,C,C,N,N,N,N,N,N,N,N,T,T,N,C,N,C,C,N,C,C,C,T,T,N,C,N,C,T,C,N,C,N,N,N,T,N,T,N,N,T,T,N,C,N,N,T,N,N,N,N,N,N,460111,S9_460111,T,N,C,T,N,N,N,N,C,T,C,N,N,C,C,C,N,T,T,C,N,C,N,N,N,N,N,NA,N,C,N,T,C,N,N,N,N,T,T,T,C,T,T,NA,N,N,C,N,T,N,N,T,N,N,N,T,C,N,N,C,N,N,T,NA,N,C,T,C,N,N,N,N,N,N,C,C,T,C,N,NA,T,T,N,N,N,N,N,N,T,N,N,T,T,N,C
Import Dev,Genotype,2015-11-17 12:04:42.847616+00:00,,'460111':2 'genotyp':4 's9':1 'unknown':3,2015-11-17 12:04:42.852259+00:00,Dev,39,S9_460111,unknown,,"{""type"":""Point"",""coordinates"":[0,0]}",Genotype /,,2015-11-17 12:04:42.852244+00:00,Genotype./,1,N,N,C/T,C,N,C,T,N,NA,N,N,T,T,N,C,N,N,N,N,N,N,C,T,N,N,N,C,C,N,C,N,N,C,N,N,T,N,N,N,N,9,+,T,NA,C,T,N,N,N,T,N,N,N,C,C,C,N,N,N,N,N,N,N,N,T,T,C,N,T,N,N,C,C,N,C,N,T,N,C,N,C,N,N,N,C,N,N,N,T,N,T,N,N,N,N,N,C,T,C,N,C,N,N,C,N,N,460111,S9_460111,N,N,C,N,N,C,C,N,C,T,C,N,N,N,C,N,N,T,T,C,N,C,N,N,C,C,N,NA,N,C,N,N,N,N,C,N,N,T,T,T,N,T,N,NA,N,N,C,N,T,N,N,N,N,N,N,T,N,N,N,C,C,Y,T,NA,N,C,N,C,T,N,N,N,C,N,N,C,T,C,N,NA,T,N,N,N,N,N,N,N,N,N,N,N,N,N,C
Import Dev,Genotype,2015-11-17 12:04:42.880764+00:00,,'460114':2 'genotyp':4 's9':1 'unknown':3,2015-11-17 12:04:42.882506+00:00,Dev,40,S9_460114,unknown,,"{""type"":""Point"",""coordinates"":[0,0]}",Genotype /,,2015-11-17 12:04:42.882493+00:00,Genotype./,1,C,N,C/T,C,N,T,C,N,NA,N,C,C,C,C,T,N,N,N,N,N,C,T,C,C,N,T,T,C,N,T,N,T,N,C,T,N,N,N,N,N,9,+,C,NA,N,C,N,C,N,C,N,N,N,C,C,T,N,N,N,N,N,N,N,N,C,C,N,T,N,T,T,N,C,C,T,C,C,N,C,N,C,C,C,N,C,N,N,N,C,N,C,N,N,C,C,N,T,N,N,C,N,N,N,N,N,N,460114,S9_460114,C,N,T,C,N,N,N,N,T,C,C,N,N,C,C,T,N,C,C,T,N,C,N,N,N,N,N,NA,N,T,N,C,T,N,N,N,N,C,C,C,T,C,C,NA,N,N,T,N,C,N,N,C,N,N,N,C,T,N,N,C,N,N,C,NA,N,T,C,C,N,N,N,N,N,N,T,C,C,C,N,NA,C,C,N,N,N,N,N,N,C,N,N,C,C,N,T
Import Dev,Genotype,2015-11-17 12:04:42.906104+00:00,,'460114':2 'genotyp':4 's9':1 'unknown':3,2015-11-17 12:04:42.908848+00:00,Dev,41,S9_460114,unknown,,"{""type"":""Point"",""coordinates"":[0,0]}",Genotype /,,2015-11-17 12:04:42.908793+00:00,Genotype./,1,N,N,C/T,C,N,T,C,N,NA,N,N,C,C,N,T,N,N,N,N,N,N,T,C,N,N,N,T,C,N,T,N,N,T,N,N,C,N,N,N,N,9,+,C,NA,C,C,N,N,N,C,N,N,N,C,C,T,N,N,N,N,N,N,N,N,C,C,T,N,C,N,N,C,C,N,T,N,C,N,C,N,C,N,N,N,C,N,N,N,C,N,C,N,N,N,N,N,T,C,T,N,T,N,N,C,N,N,460114,S9_460114,N,N,T,N,N,T,T,N,T,C,C,N,N,N,C,N,N,C,C,T,N,C,N,N,T,T,N,NA,N,T,N,N,N,N,C,N,N,C,C,C,N,C,N,NA,N,N,T,N,C,N,N,N,N,N,N,C,N,N,N,C,C,Y,C,NA,N,T,N,C,C,N,N,N,T,N,N,C,C,C,N,NA,C,N,N,N,N,N,N,N,N,N,N,N,N,N,T
Import Dev,Genotype,2015-11-17 12:04:42.939862+00:00,,'460115':2 'genotyp':4 's9':1 'unknown':3,2015-11-17 12:04:42.942508+00:00,Dev,42,S9_460115,unknown,,"{""type"":""Point"",""coordinates"":[0,0]}",Genotype /,,2015-11-17 12:04:42.942485+00:00,Genotype./,1,N,N,C/T,C,N,T,C,N,NA,N,N,C,C,N,T,N,N,N,N,N,N,T,C,N,N,N,T,C,N,T,N,N,T,N,N,C,N,N,N,N,9,+,C,NA,C,C,N,N,N,C,N,N,N,C,C,T,N,N,N,N,N,N,N,N,C,C,T,N,C,N,N,C,C,N,T,N,C,N,C,N,C,N,N,N,C,N,N,N,C,N,C,N,N,N,N,N,T,C,T,N,T,N,N,C,N,N,460115,S9_460115,N,N,T,N,N,T,T,N,T,C,C,N,N,N,C,N,N,C,C,T,N,C,N,N,T,T,N,NA,N,T,N,N,N,N,C,N,N,C,C,C,N,C,N,NA,N,N,T,N,C,N,N,N,N,N,N,C,N,N,N,C,C,Y,C,NA,N,T,N,C,C,N,N,N,T,N,N,C,C,C,N,NA,C,N,N,N,N,N,N,N,N,N,N,N,N,N,T
Import Dev,Genotype,2015-11-17 12:04:42.965174+00:00,,'460115':2 'genotyp':4 's9':1 'unknown':3,2015-11-17 12:04:42.968306+00:00,Dev,43,S9_460115,unknown,,"{""type"":""Point"",""coordinates"":[0,0]}",Genotype /,,2015-11-17 12:04:42.968249+00:00,Genotype./,1,C,N,C/T,C,N,T,C,N,NA,N,C,C,C,C,T,N,N,N,N,N,C,T,C,C,N,T,T,C,N,T,N,T,N,C,T,N,N,N,N,N,9,+,C,NA,N,C,N,C,N,C,N,N,N,C,C,T,N,N,N,N,N,N,N,N,C,C,N,T,N,T,T,N,C,C,T,C,C,N,C,N,C,C,C,N,C,N,N,N,C,N,C,N,N,C,C,N,T,N,N,C,N,N,N,N,N,N,460115,S9_460115,C,N,T,C,N,N,N,N,T,C,C,N,N,C,C,T,N,C,C,T,N,C,N,N,N,N,N,NA,N,T,N,C,T,N,N,N,N,C,C,C,T,C,C,NA,N,N,T,N,C,N,N,C,N,N,N,C,T,N,N,C,N,N,C,NA,N,T,C,C,N,N,N,N,N,N,T,C,C,C,N,NA,C,C,N,N,N,N,N,N,C,N,N,C,C,N,T
Import Dev,Genotype,2015-11-17 12:04:42.999223+00:00,,'460139':2 'genotyp':4 's9':1 'unknown':3,2015-11-17 12:04:43.005601+00:00,Dev,44,S9_460139,unknown,,"{""type"":""Point"",""coordinates"":[0,0]}",Genotype /,,2015-11-17 12:04:43.005544+00:00,Genotype./,1,T,N,C/T,C,N,C,T,N,NA,N,T,T,T,C,C,N,N,N,N,N,T,C,T,T,N,C,C,C,N,C,N,C,N,C,C,N,N,N,N,N,9,+,T,NA,N,T,N,T,N,T,N,N,N,C,C,C,N,N,N,N,N,N,N,N,T,T,N,C,N,C,C,N,C,C,C,T,T,N,C,N,C,T,C,N,C,N,N,N,T,N,T,N,N,T,T,N,C,N,N,T,N,N,N,N,N,N,460139,S9_460139,T,N,C,T,N,N,N,N,C,T,C,N,N,C,C,C,N,T,T,C,N,C,N,N,N,N,N,NA,N,C,N,T,C,N,N,N,N,T,T,T,C,T,T,NA,N,N,C,N,T,N,N,T,N,N,N,T,C,N,N,C,N,N,T,NA,N,C,T,C,N,N,N,N,N,N,C,C,T,C,N,NA,T,T,N,N,N,N,N,N,T,N,N,T,T,N,C
Import Dev,Genotype,2015-11-17 12:04:43.032633+00:00,,'460139':2 'genotyp':4 's9':1 'unknown':3,2015-11-17 12:04:43.036641+00:00,Dev,45,S9_460139,unknown,,"{""type"":""Point"",""coordinates"":[0,0]}",Genotype /,,2015-11-17 12:04:43.036607+00:00,Genotype./,1,N,N,C/T,C,N,C,T,N,NA,N,N,T,T,N,C,N,N,N,N,N,N,C,T,N,N,N,C,C,N,C,N,N,C,N,N,T,N,N,N,N,9,+,T,NA,C,T,N,N,N,T,N,N,N,C,C,C,N,N,N,N,N,N,N,N,T,T,C,N,T,N,N,C,C,N,C,N,T,N,C,N,C,N,N,N,C,N,N,N,T,N,T,N,N,N,N,N,C,T,C,N,C,N,N,C,N,N,460139,S9_460139,N,N,C,N,N,C,C,N,C,T,C,N,N,N,C,N,N,T,T,C,N,C,N,N,C,C,N,NA,N,C,N,N,N,N,C,N,N,T,T,T,N,T,N,NA,N,N,C,N,T,N,N,N,N,N,N,T,N,N,N,C,C,Y,T,NA,N,C,N,C,T,N,N,N,C,N,N,C,T,C,N,NA,T,N,N,N,N,N,N,N,N,N,N,N,N,N,C
Import Dev,Genotype,2015-11-17 12:04:43.066311+00:00,,'460147':2 'genotyp':4 's9':1 'unknown':3,2015-11-17 12:04:43.071976+00:00,Dev,46,S9_460147,unknown,,"{""type"":""Point"",""coordinates"":[0,0]}",Genotype /,,2015-11-17 12:04:43.071919+00:00,Genotype./,1,N,N,C/T,C,N,C,T,N,NA,N,N,T,T,N,C,N,N,N,N,N,N,C,T,N,N,N,C,C,N,C,N,N,C,N,N,T,N,N,N,N,9,+,T,NA,C,T,N,N,N,T,N,N,N,C,C,C,N,N,N,N,N,N,N,N,T,T,C,N,T,N,N,C,C,N,C,N,T,N,C,N,C,N,N,N,C,N,N,N,T,N,T,N,N,N,N,N,C,T,C,N,C,N,N,C,N,N,460147,S9_460147,N,N,C,N,N,C,C,N,C,T,C,N,N,N,C,N,N,T,T,C,N,C,N,N,C,C,N,NA,N,C,N,N,N,N,C,N,N,T,T,T,N,T,N,NA,N,N,C,N,T,N,N,N,N,N,N,T,N,N,N,C,C,Y,T,NA,N,C,N,C,T,N,N,N,C,N,N,C,T,C,N,NA,T,N,N,N,N,N,N,N,N,N,N,N,N,N,C
Import Dev,Genotype,2015-11-17 12:04:43.098873+00:00,,'460147':2 'genotyp':4 's9':1 'unknown':3,2015-11-17 12:04:43.105283+00:00,Dev,47,S9_460147,unknown,,"{""type"":""Point"",""coordinates"":[0,0]}",Genotype /,,2015-11-17 12:04:43.105227+00:00,Genotype./,1,T,N,C/T,C,N,C,T,N,NA,N,T,T,T,C,C,N,N,N,N,N,T,C,T,T,N,C,C,C,N,C,N,C,N,C,C,N,N,N,N,N,9,+,T,NA,N,T,N,T,N,T,N,N,N,C,C,C,N,N,N,N,N,N,N,N,T,T,N,C,N,C,C,N,C,C,C,T,T,N,C,N,C,T,C,N,C,N,N,N,T,N,T,N,N,T,T,N,C,N,N,T,N,N,N,N,N,N,460147,S9_460147,T,N,C,T,N,N,N,N,C,T,C,N,N,C,C,C,N,T,T,C,N,C,N,N,N,N,N,NA,N,C,N,T,C,N,N,N,N,T,T,T,C,T,T,NA,N,N,C,N,T,N,N,T,N,N,N,T,C,N,N,C,N,N,T,NA,N,C,T,C,N,N,N,N,N,N,C,C,T,C,N,NA,T,T,N,N,N,N,N,N,T,N,N,T,T,N,C
Import Dev,Genotype,2015-11-17 12:04:43.132492+00:00,,'460218':2 'genotyp':4 's9':1 'unknown':3,2015-11-17 12:04:43.138243+00:00,Dev,48,S9_460218,unknown,,"{""type"":""Point"",""coordinates"":[0,0]}",Genotype /,,2015-11-17 12:04:43.138199+00:00,Genotype./,1,N,C,C/G,N,N,C,G,N,NA,N,N,N,N,N,N,C,N,C,C,C,G,C,G,N,N,N,C,N,N,N,N,C,N,N,N,G,N,N,N,N,9,+,G,NA,N,G,N,N,N,N,N,G,C,N,N,C,C,N,N,N,N,N,C,N,G,N,N,N,G,C,C,N,N,N,C,G,G,N,N,C,N,N,N,N,N,N,N,C,N,C,G,N,N,N,N,N,C,N,N,N,N,N,C,N,N,C,460218,S9_460218,G,N,N,N,N,N,N,N,C,G,N,N,N,N,N,C,N,N,G,N,N,N,N,N,N,C,N,NA,N,C,N,G,N,N,N,N,N,G,N,N,N,G,G,NA,C,N,C,N,G,N,N,G,N,N,N,G,N,N,N,N,N,N,G,NA,N,N,N,N,G,N,N,C,C,N,N,N,G,N,N,NA,N,G,N,N,N,N,N,N,N,N,C,G,N,N,C
Import Dev,Genotype,2015-11-17 12:04:43.166127+00:00,,'478703':2 'genotyp':4 's9':1 'unknown':3,2015-11-17 12:04:43.171208+00:00,Dev,49,S9_478703,unknown,,"{""type"":""Point"",""coordinates"":[0,0]}",Genotype /,,2015-11-17 12:04:43.171163+00:00,Genotype./,1,G,N,T/G,N,N,T,N,N,NA,N,N,N,N,N,N,N,N,G,N,N,N,N,G,N,N,N,N,N,N,T,N,N,T,N,N,G,N,T,T,N,9,+,G,NA,N,N,N,N,N,G,N,N,N,N,T,N,N,N,N,N,N,N,G,N,N,N,N,N,N,N,N,N,N,N,N,N,N,N,N,T,T,N,N,N,N,N,N,N,N,N,N,N,N,N,N,N,T,N,N,N,N,N,N,N,N,N,478703,S9_478703,N,N,T,N,N,N,N,N,N,N,N,N,G,N,N,N,N,N,N,N,T,N,N,N,T,N,N,NA,N,T,N,G,T,N,N,N,N,N,G,N,N,N,N,NA,N,T,T,N,G,N,N,N,N,N,N,N,N,N,N,N,N,N,N,NA,N,N,N,N,N,T,N,N,N,N,N,N,N,N,T,NA,N,N,N,N,N,T,N,N,N,N,N,N,N,N,N
Import Dev,Genotype,2015-11-17 12:04:43.199733+00:00,,'479539':2 'genotyp':4 's9':1 'unknown':3,2015-11-17 12:04:43.204771+00:00,Dev,50,S9_479539,unknown,,"{""type"":""Point"",""coordinates"":[0,0]}",Genotype /,,2015-11-17 12:04:43.204726+00:00,Genotype./,1,C,T,C/T,C,C,N,C,C,NA,C,N,C,C,N,N,T,C,T,T,T,N,C,C,N,N,N,C,N,C,C,C,C,N,C,C,N,C,C,C,N,9,+,C,NA,N,C,N,T,N,C,N,C,T,N,N,C,C,T,T,T,N,N,T,C,C,N,N,C,N,C,C,C,N,C,C,C,N,T,C,C,C,C,N,N,C,N,C,N,N,C,C,T,T,N,C,C,C,N,C,C,N,N,T,N,N,T,479539,S9_479539,C,N,N,C,C,C,C,C,C,C,C,N,C,N,C,N,T,C,T,N,N,C,N,T,C,C,C,NA,C,N,N,N,N,T,C,C,N,N,C,N,N,C,C,NA,N,C,C,N,N,N,N,N,C,N,C,C,C,N,C,C,N,N,T,NA,T,C,C,C,C,C,T,N,C,C,C,C,C,N,C,NA,N,C,N,N,T,N,C,N,N,N,T,T,C,T,C
Import Dev,Genotype,2015-11-17 12:04:43.233341+00:00,,'479566':2 'genotyp':4 's9':1 'unknown':3,2015-11-17 12:04:43.238471+00:00,Dev,51,S9_479566,unknown,,"{""type"":""Point"",""coordinates"":[0,0]}",Genotype /,,2015-11-17 12:04:43.238425+00:00,Genotype./,1,C,T,T/C,T,T,N,C,T,NA,T,N,C,C,N,N,T,T,T,T,T,N,T,C,N,N,N,T,N,T,T,T,T,N,T,T,N,C,T,T,N,9,+,C,NA,N,C,N,T,N,C,N,C,T,N,N,T,T,T,T,T,N,N,T,T,C,N,N,T,N,T,T,T,N,T,T,C,N,T,T,T,T,C,N,N,T,N,T,N,N,T,C,T,T,N,C,T,T,N,T,C,N,N,T,N,N,T,479566,S9_479566,C,N,N,C,T,T,T,T,T,C,T,N,C,N,T,N,T,C,T,N,N,T,N,T,T,T,T,NA,T,N,N,N,N,T,T,T,N,N,C,N,N,C,C,NA,N,T,T,N,N,N,N,N,T,N,T,C,T,N,T,T,N,N,T,NA,T,T,C,T,C,T,T,N,T,T,T,T,C,N,T,NA,N,C,N,N,T,N,T,N,N,N,T,T,C,T,T
Import Dev,Genotype,2015-11-17 12:04:43.267026+00:00,,'479573':2 'genotyp':4 's9':1 'unknown':3,2015-11-17 12:04:43.273279+00:00,Dev,52,S9_479573,unknown,,"{""type"":""Point"",""coordinates"":[0,0]}",Genotype /,,2015-11-17 12:04:43.273223+00:00,Genotype./,1,G,C,C/G,C,C,N,G,C,NA,C,N,G,G,N,N,C,C,C,C,C,N,C,G,N,N,N,C,N,C,C,C,C,N,C,C,N,G,C,C,N,9,+,G,NA,N,G,N,C,N,G,N,G,C,N,N,C,C,C,C,C,N,N,C,C,G,N,N,C,N,C,C,C,N,G,C,G,N,C,C,C,C,G,N,N,C,N,G,N,N,C,G,C,C,N,G,G,C,N,C,G,N,N,C,N,N,C,479573,S9_479573,G,N,N,G,C,C,C,C,C,G,C,N,G,N,G,N,C,G,C,N,N,C,N,C,C,C,C,NA,C,N,N,N,N,C,C,C,N,N,G,N,N,G,G,NA,N,C,C,N,N,N,N,N,C,N,C,G,C,N,C,C,N,N,C,NA,C,C,G,C,G,C,C,N,C,C,C,C,G,N,C,NA,N,G,N,N,C,N,C,N,N,N,C,C,G,C,C
Import Dev,Genotype,2015-11-17 12:04:43.300680+00:00,,'479709':2 'genotyp':4 's9':1 'unknown':3,2015-11-17 12:04:43.304626+00:00,Dev,53,S9_479709,unknown,,"{""type"":""Point"",""coordinates"":[0,0]}",Genotype /,,2015-11-17 12:04:43.304591+00:00,Genotype./,1,N,G,A/G,A,A,N,A,A,NA,N,N,N,A,A,N,N,N,G,G,G,N,A,A,N,N,A,N,A,A,N,N,A,A,N,N,A,N,A,N,N,9,+,A,NA,N,A,N,N,N,N,N,A,G,G,A,A,A,G,G,N,N,A,G,N,N,G,N,A,N,A,A,N,A,A,N,N,A,G,A,A,A,N,A,G,N,A,N,A,G,A,A,G,G,A,A,A,A,A,N,A,A,N,G,A,N,G,479709,S9_479709,A,N,A,A,A,N,A,A,A,A,A,A,N,N,A,A,N,A,G,A,N,A,N,G,A,A,N,NA,N,A,N,N,N,N,N,N,A,N,N,A,N,A,N,NA,N,A,A,N,A,N,N,N,A,G,A,A,A,N,A,N,N,N,G,NA,A,A,A,N,N,N,G,N,A,A,A,A,A,A,A,NA,N,A,N,A,G,N,A,N,N,N,G,G,A,N,A
Import Dev,Genotype,2015-11-17 12:04:43.334203+00:00,,'479709':2 'genotyp':4 's9':1 'unknown':3,2015-11-17 12:04:43.339733+00:00,Dev,54,S9_479709,unknown,,"{""type"":""Point"",""coordinates"":[0,0]}",Genotype /,,2015-11-17 12:04:43.339677+00:00,Genotype./,1,A,G,A/G,A,A,A,A,A,NA,A,N,A,N,A,A,G,A,G,G,G,A,A,A,N,N,A,A,A,N,A,A,A,A,A,N,A,N,A,A,N,9,+,A,NA,A,A,A,G,N,A,G,A,G,G,A,A,A,G,G,N,N,A,G,A,A,G,N,A,N,A,A,A,A,A,A,N,A,G,N,N,N,N,N,G,A,A,A,N,N,A,A,G,N,N,N,N,A,A,N,A,A,N,G,N,A,G,479709,S9_479709,N,N,A,N,A,N,A,N,A,A,A,N,A,A,A,A,G,N,N,A,A,A,N,G,A,A,A,NA,N,A,N,A,A,G,A,A,A,A,A,N,N,A,A,NA,N,A,A,A,A,A,N,N,A,G,A,A,N,A,A,A,A,N,G,NA,N,A,A,N,A,A,G,A,A,A,A,A,A,A,N,NA,N,A,A,A,G,A,A,N,N,N,N,G,A,N,N
Import Dev,Genotype,2015-11-17 12:04:43.366799+00:00,,'563956':2 'genotyp':4 's9':1 'unknown':3,2015-11-17 12:04:43.373166+00:00,Dev,55,S9_563956,unknown,,"{""type"":""Point"",""coordinates"":[0,0]}",Genotype /,,2015-11-17 12:04:43.373109+00:00,Genotype./,1,T,T,T/C,T,T,T,T,C,NA,C,T,T,T,C,T,N,C,T,T,T,T,T,T,N,N,T,T,C,T,N,T,T,T,T,T,T,N,T,T,N,9,+,T,NA,T,T,N,N,N,N,N,T,T,N,N,T,T,T,N,C,T,N,T,T,T,C,N,T,T,T,T,T,T,T,T,T,T,T,T,T,N,T,N,T,T,T,T,N,T,T,T,T,T,T,T,T,T,T,N,T,T,T,T,T,T,T,563956,S9_563956,T,N,T,N,T,N,T,T,T,T,N,T,T,T,T,T,T,T,T,T,N,T,N,N,T,T,T,NA,N,T,T,C,T,T,T,T,T,C,T,N,N,T,T,NA,N,N,T,T,T,T,N,T,T,T,T,T,T,N,C,T,T,T,N,NA,N,T,T,T,T,T,T,T,T,C,T,T,T,T,T,NA,N,N,T,T,T,T,T,N,T,N,T,T,N,T,T
Import Dev,Genotype,2015-11-17 12:04:43.400436+00:00,,'564048':2 'genotyp':4 's9':1 'unknown':3,2015-11-17 12:04:43.406225+00:00,Dev,56,S9_564048,unknown,,"{""type"":""Point"",""coordinates"":[0,0]}",Genotype /,,2015-11-17 12:04:43.406179+00:00,Genotype./,1,A,A,A/C,C,A,A,A,N,NA,N,A,A,A,A,N,A,A,N,A,N,A,A,A,A,A,A,A,A,N,A,C,A,A,C,A,A,A,A,A,N,9,+,A,NA,C,A,A,A,N,A,A,N,A,A,N,A,A,A,A,A,A,A,A,A,N,A,A,A,N,A,A,C,C,A,A,N,A,A,C,A,N,N,C,A,C,C,A,A,A,N,A,A,A,A,N,A,A,N,A,A,A,A,A,C,A,A,564048,S9_564048,A,N,A,A,A,N,A,N,C,A,N,A,N,C,A,N,A,A,N,N,A,C,A,N,A,A,A,NA,N,N,A,A,N,A,N,A,N,A,A,A,A,A,A,NA,A,N,A,A,A,N,N,A,A,N,N,A,A,A,A,C,C,A,A,NA,A,C,A,C,A,A,A,A,A,N,A,C,A,C,N,NA,N,A,N,A,A,A,A,N,A,N,A,A,A,N,A
Import Dev,Genotype,2015-11-17 12:04:43.434077+00:00,,'564051':2 'genotyp':4 's9':1 'unknown':3,2015-11-17 12:04:43.440057+00:00,Dev,57,S9_564051,unknown,,"{""type"":""Point"",""coordinates"":[0,0]}",Genotype /,,2015-11-17 12:04:43.440026+00:00,Genotype./,1,A,A,A/C,C,A,A,A,N,NA,N,A,A,A,C,N,A,A,N,A,N,A,A,A,A,A,A,A,A,N,A,C,A,A,C,A,A,A,A,A,N,9,+,A,NA,C,A,A,A,N,A,A,N,A,A,N,A,A,A,A,A,A,A,A,A,N,A,A,A,N,A,A,C,C,A,A,N,A,A,C,A,N,N,C,A,C,C,A,A,A,N,A,A,A,A,N,A,A,N,A,A,A,A,A,C,A,A,564051,S9_564051,A,N,A,A,A,N,A,N,C,A,N,A,N,C,A,N,A,A,N,N,A,C,A,N,A,A,A,NA,N,N,A,C,N,A,N,A,N,C,A,A,A,A,A,NA,A,N,A,A,A,N,N,A,A,N,N,A,A,A,A,C,C,A,A,NA,A,C,A,C,A,A,A,A,A,N,A,C,A,C,N,NA,N,A,N,A,A,A,A,N,A,N,A,A,A,N,A
Import Dev,Genotype,2015-11-17 12:04:43.467806+00:00,,'564114':2 'genotyp':4 's9':1 'unknown':3,2015-11-17 12:04:43.474542+00:00,Dev,58,S9_564114,unknown,,"{""type"":""Point"",""coordinates"":[0,0]}",Genotype /,,2015-11-17 12:04:43.474487+00:00,Genotype./,1,N,C,C/A,C,N,C,N,N,NA,C,N,A,N,N,N,C,N,C,N,C,C,C,C,N,N,C,C,C,N,N,N,C,N,C,C,C,C,C,N,N,9,+,C,NA,C,C,C,C,N,N,C,N,C,C,N,C,C,C,C,C,C,C,C,C,C,C,C,C,N,N,C,N,N,C,N,C,N,N,C,N,N,N,N,C,C,N,C,N,C,N,C,N,C,C,C,C,C,C,N,C,C,N,C,N,C,C,564114,S9_564114,C,N,C,C,N,N,N,C,C,C,N,N,N,C,C,C,C,C,C,C,C,C,C,N,C,C,N,NA,N,C,N,C,C,C,C,N,C,C,C,C,C,C,C,NA,N,C,C,N,C,N,N,N,C,N,C,A,N,N,C,N,N,C,C,NA,C,C,C,C,A,C,C,C,C,C,C,C,C,C,C,NA,C,C,N,C,A,C,C,N,N,N,C,C,C,N,N
Import Dev,Genotype,2015-11-17 12:04:43.502855+00:00,,'564167':2 'genotyp':4 's9':1 'unknown':3,2015-11-17 12:04:43.507626+00:00,Dev,59,S9_564167,unknown,,"{""type"":""Point"",""coordinates"":[0,0]}",Genotype /,,2015-11-17 12:04:43.507570+00:00,Genotype./,1,G,G,G/A,G,G,N,N,N,NA,G,N,A,N,G,N,N,G,G,G,G,N,N,G,N,N,G,G,N,G,G,N,G,N,G,G,G,G,G,G,N,9,+,G,NA,G,G,G,N,N,A,G,N,N,N,G,N,G,G,N,G,G,N,N,N,G,G,G,N,N,G,N,N,G,G,G,G,G,G,N,G,G,N,G,N,G,N,N,N,G,G,G,N,G,G,N,N,G,N,N,N,N,N,G,N,G,G,564167,S9_564167,G,N,G,N,G,N,N,N,N,N,N,N,N,N,G,N,G,N,G,N,G,G,N,N,G,G,G,NA,N,G,N,N,N,G,N,G,N,G,G,N,N,G,G,NA,N,N,G,G,N,N,N,G,G,N,G,A,N,G,G,G,N,N,N,NA,G,G,G,G,N,N,G,N,G,N,G,G,N,G,G,NA,N,G,N,G,N,G,N,N,N,N,G,N,G,N,G
Import Dev,Genotype,2015-11-17 12:04:43.536810+00:00,,'564309':2 'genotyp':4 's9':1 'unknown':3,2015-11-17 12:04:43.542481+00:00,Dev,60,S9_564309,unknown,,"{""type"":""Point"",""coordinates"":[0,0]}",Genotype /,,2015-11-17 12:04:43.542424+00:00,Genotype./,1,C,C,C/G,G,C,N,N,C,NA,N,N,C,C,C,N,N,N,N,C,C,N,C,C,N,N,C,C,C,N,C,C,C,N,N,C,N,N,C,C,N,9,+,C,NA,G,C,N,N,N,N,N,N,C,C,N,N,C,C,C,N,N,N,C,N,N,C,N,N,C,N,C,G,N,C,N,C,N,C,C,N,N,N,N,C,N,C,N,C,N,C,C,C,N,C,C,N,C,C,N,N,C,N,N,N,G,C,564309,S9_564309,C,N,C,N,N,C,C,N,C,N,C,N,C,N,C,C,C,N,N,C,C,N,N,C,C,C,N,NA,N,C,N,G,C,N,N,C,C,N,N,C,N,N,N,NA,N,C,C,N,C,N,N,N,C,N,G,C,N,N,C,C,N,N,N,NA,C,N,C,C,C,C,N,N,C,G,C,N,C,G,C,NA,C,C,N,N,N,C,N,N,N,N,C,N,N,N,N
Import Dev,Genotype,2015-11-17 12:04:43.570525+00:00,,'564731':2 'genotyp':4 's9':1 'unknown':3,2015-11-17 12:04:43.576852+00:00,Dev,61,S9_564731,unknown,,"{""type"":""Point"",""coordinates"":[0,0]}",Genotype /,,2015-11-17 12:04:43.576795+00:00,Genotype./,1,A,N,A/C,A,C,N,N,C,NA,A,N,N,C,A,C,A,A,A,A,A,A,N,A,N,N,N,C,A,N,N,A,C,C,A,N,A,N,N,C,N,9,+,A,NA,N,A,N,C,N,N,N,N,A,A,A,C,N,N,A,M,N,N,A,C,N,C,A,N,A,N,C,N,N,A,C,A,A,N,N,N,A,A,N,A,A,N,A,N,A,C,A,A,A,A,N,A,N,A,C,A,N,N,A,N,N,A,564731,S9_564731,N,N,N,N,A,C,C,N,A,A,A,N,N,A,A,C,N,N,N,N,N,A,N,A,N,C,N,NA,N,N,N,A,N,A,A,C,N,C,N,N,N,A,N,NA,N,A,C,N,N,N,N,A,A,A,A,C,C,N,C,A,A,N,C,NA,A,A,A,A,C,C,A,N,C,N,N,A,N,A,N,NA,N,N,N,N,N,C,A,N,N,N,N,C,N,N,N
Import Dev,Genotype,2015-11-17 12:04:43.604252+00:00,,'564731':2 'genotyp':4 's9':1 'unknown':3,2015-11-17 12:04:43.610015+00:00,Dev,62,S9_564731,unknown,,"{""type"":""Point"",""coordinates"":[0,0]}",Genotype /,,2015-11-17 12:04:43.609969+00:00,Genotype./,1,N,A,A/C,A,C,C,C,N,NA,A,N,C,C,A,C,N,A,A,A,A,N,C,A,N,N,C,C,A,C,N,A,N,N,A,C,A,N,C,C,N,9,+,A,NA,A,A,A,C,N,C,A,A,A,N,A,C,C,N,N,N,N,C,A,C,N,C,A,N,N,C,C,A,A,A,C,N,N,N,A,C,A,N,A,N,A,N,A,N,A,C,A,A,A,A,A,A,C,A,C,A,C,C,A,A,A,A,564731,S9_564731,A,N,N,A,A,C,C,A,A,A,A,N,A,A,A,C,A,A,C,N,N,A,N,N,C,N,N,NA,N,C,N,N,C,A,A,N,N,C,N,N,N,A,A,NA,N,N,C,C,N,N,N,A,N,A,A,C,N,N,C,A,A,N,C,NA,A,A,A,N,N,C,A,C,C,A,C,N,N,A,C,NA,A,A,C,C,C,C,A,N,N,N,A,C,N,N,C
Import Dev,Genotype,2015-11-17 12:04:43.637899+00:00,,'566094':2 'genotyp':4 's9':1 'unknown':3,2015-11-17 12:04:43.643836+00:00,Dev,63,S9_566094,unknown,,"{""type"":""Point"",""coordinates"":[0,0]}",Genotype /,,2015-11-17 12:04:43.643816+00:00,Genotype./,1,N,C,C/G,C,N,N,N,N,NA,C,N,C,N,N,N,N,C,N,N,C,C,C,N,N,N,N,N,N,N,N,C,C,C,C,N,C,N,C,C,N,9,+,N,NA,N,C,C,N,N,C,N,C,N,C,N,C,N,N,N,C,N,N,N,C,N,N,C,C,N,N,N,N,N,N,N,C,N,N,C,N,N,N,C,N,C,N,C,N,N,N,N,C,N,N,C,C,C,N,N,N,C,N,N,C,N,N,566094,S9_566094,C,N,C,N,C,N,N,N,N,N,G,N,N,N,N,N,C,N,N,N,N,C,C,G,N,N,N,NA,N,N,N,N,N,N,N,C,N,N,N,N,N,N,N,NA,N,N,C,N,C,N,N,C,C,C,C,N,N,N,C,N,N,C,N,NA,C,G,N,N,C,N,N,C,C,C,N,C,C,N,N,NA,N,N,C,N,C,C,C,N,N,N,N,C,N,N,C
Import Dev,Genotype,2015-11-17 12:04:43.669835+00:00,,'566097':2 'genotyp':4 's9':1 'unknown':3,2015-11-17 12:04:43.672191+00:00,Dev,64,S9_566097,unknown,,"{""type"":""Point"",""coordinates"":[0,0]}",Genotype /,,2015-11-17 12:04:43.672171+00:00,Genotype./,1,N,G,G/C,G,N,N,N,N,NA,G,N,G,N,N,N,N,G,N,N,G,G,G,N,N,N,N,N,N,N,N,G,G,G,G,N,G,N,G,G,N,9,+,N,NA,N,G,G,N,N,C,N,G,N,G,N,G,N,N,N,G,N,N,N,G,N,N,C,G,N,N,N,N,N,N,N,G,N,N,G,N,N,N,G,N,G,N,G,N,N,N,N,G,N,N,G,G,G,N,N,N,G,N,N,G,N,N,566097,S9_566097,G,N,G,N,G,N,N,N,N,N,G,N,N,N,N,N,G,N,N,N,N,G,G,G,N,N,N,NA,N,N,N,N,N,N,N,G,N,N,N,N,N,N,N,NA,N,N,G,N,G,N,N,G,G,G,G,N,N,N,G,N,N,G,N,NA,G,G,N,N,C,N,N,G,G,G,N,G,G,N,N,NA,N,N,G,N,C,G,G,N,N,N,N,G,N,N,G
Import Dev,Genotype,2015-11-17 12:04:43.695183+00:00,,'566105':2 'genotyp':4 's9':1 'unknown':3,2015-11-17 12:04:43.700879+00:00,Dev,65,S9_566105,unknown,,"{""type"":""Point"",""coordinates"":[0,0]}",Genotype /,,2015-11-17 12:04:43.700822+00:00,Genotype./,1,N,G,G/T,G,N,N,N,N,NA,G,N,G,N,N,N,N,G,N,N,G,G,G,N,N,N,N,N,N,N,N,G,G,G,G,N,G,N,G,G,N,9,+,N,NA,N,G,G,N,N,G,N,G,N,G,N,G,N,N,N,G,N,N,N,G,N,N,G,G,N,N,N,N,N,N,N,G,N,N,G,N,N,N,G,N,G,N,G,N,N,N,N,G,N,N,G,G,G,N,N,N,G,N,N,G,N,N,566105,S9_566105,G,N,G,N,G,N,N,N,N,N,T,N,N,N,N,N,G,N,N,N,N,G,G,T,N,N,N,NA,N,N,N,N,N,N,N,G,N,N,N,N,N,N,N,NA,N,N,G,N,G,N,N,G,G,G,G,N,N,N,G,N,N,G,N,NA,G,T,N,N,G,N,N,G,G,G,N,G,G,N,N,NA,N,N,G,N,G,G,G,N,N,N,N,G,N,N,G
Import Dev,Genotype,2015-11-17 12:04:43.729231+00:00,,'566381':2 'genotyp':4 's9':1 'unknown':3,2015-11-17 12:04:43.735634+00:00,Dev,66,S9_566381,unknown,,"{""type"":""Point"",""coordinates"":[0,0]}",Genotype /,,2015-11-17 12:04:43.735577+00:00,Genotype./,1,N,G,A/G,A,N,N,N,N,NA,A,N,N,N,A,N,A,N,G,N,N,N,A,G,N,N,A,A,N,A,A,N,N,N,A,N,G,N,A,A,N,9,+,G,NA,A,N,N,A,N,A,A,N,G,A,A,N,N,N,A,N,N,N,N,N,G,N,N,N,N,N,A,N,A,N,N,N,G,N,A,A,N,N,N,N,N,N,G,N,A,N,G,N,G,N,N,G,N,G,N,N,N,N,A,N,G,G,566381,S9_566381,N,N,A,N,G,N,N,N,A,N,N,N,N,N,N,N,G,N,A,N,N,N,N,A,A,N,N,NA,N,A,N,N,A,N,N,N,N,A,G,N,N,G,N,NA,N,N,A,N,G,N,N,N,A,N,G,A,N,A,A,A,A,N,N,NA,A,N,G,N,A,A,A,A,A,A,N,N,N,N,A,NA,N,N,N,N,A,N,N,N,N,N,G,A,N,N,A
Import Dev,Genotype,2015-11-17 12:04:43.762844+00:00,,'566564':2 'genotyp':4 's9':1 'unknown':3,2015-11-17 12:04:43.769255+00:00,Dev,67,S9_566564,unknown,,"{""type"":""Point"",""coordinates"":[0,0]}",Genotype /,,2015-11-17 12:04:43.769197+00:00,Genotype./,1,G,C,G/C,G,G,G,N,G,NA,N,N,N,N,G,N,N,N,C,C,N,G,G,G,N,N,G,G,N,G,N,G,G,G,G,N,G,G,N,G,N,9,+,G,NA,G,G,G,N,N,N,G,N,C,G,G,G,G,C,G,N,N,N,G,G,G,N,N,G,N,G,G,G,G,G,G,N,N,C,G,G,N,G,N,N,G,G,N,G,G,G,G,G,C,G,N,N,G,N,N,G,G,N,G,N,G,C,566564,S9_566564,G,N,G,G,C,N,N,N,N,G,G,N,N,N,N,N,C,G,G,G,G,G,N,N,G,G,N,NA,N,G,N,G,G,N,G,N,N,G,G,G,N,G,G,NA,N,G,G,N,G,N,N,G,G,G,G,N,N,N,G,G,G,G,G,NA,G,N,N,N,N,G,G,G,G,N,G,G,G,G,G,NA,N,G,N,G,G,G,G,N,N,N,C,G,G,G,G
Import Dev,Genotype,2015-11-17 12:04:43.796498+00:00,,'567464':2 'genotyp':4 's9':1 'unknown':3,2015-11-17 12:04:43.802186+00:00,Dev,68,S9_567464,unknown,,"{""type"":""Point"",""coordinates"":[0,0]}",Genotype /,,2015-11-17 12:04:43.802140+00:00,Genotype./,1,N,N,T/C,T,T,N,N,N,NA,N,N,N,N,C,N,N,N,C,N,C,N,T,C,N,N,T,N,N,N,N,N,T,N,T,N,N,N,T,T,N,9,+,N,NA,T,N,C,N,N,N,N,N,C,N,T,N,N,C,N,N,N,T,C,N,N,C,N,T,N,T,N,N,T,N,N,N,C,C,N,N,N,N,T,C,T,T,N,N,N,N,N,N,C,C,N,N,T,N,N,C,N,N,T,T,C,C,567464,S9_567464,N,N,N,N,N,N,N,N,N,C,T,N,N,N,N,N,C,N,N,N,N,N,N,C,T,T,N,NA,N,T,N,C,N,N,N,N,N,C,N,C,N,N,C,NA,N,N,T,T,C,N,N,N,C,C,N,N,N,N,C,N,N,C,T,NA,N,N,N,N,N,T,N,T,T,N,T,N,C,T,T,NA,N,C,N,T,N,N,N,N,N,N,N,N,N,N,N
Import Dev,Genotype,2015-11-17 12:04:43.829760+00:00,,'567909':2 'genotyp':4 's9':1 'unknown':3,2015-11-17 12:04:43.831492+00:00,Dev,69,S9_567909,unknown,,"{""type"":""Point"",""coordinates"":[0,0]}",Genotype /,,2015-11-17 12:04:43.831479+00:00,Genotype./,1,N,T,T/G,N,T,T,G,N,NA,N,N,N,G,N,N,T,N,T,T,N,N,T,T,T,T,T,N,T,N,N,T,N,N,T,T,T,N,T,N,N,9,+,T,NA,N,N,T,N,N,G,N,T,T,T,T,T,N,N,N,T,N,N,N,N,T,N,N,T,N,T,T,T,N,T,T,N,N,N,T,T,T,N,N,T,N,N,N,N,N,N,G,G,T,N,N,N,T,N,N,T,N,N,N,N,N,N,567909,S9_567909,T,N,T,N,T,N,N,N,N,T,N,N,N,T,T,T,N,T,T,N,N,T,N,N,N,N,N,NA,N,T,N,T,N,T,T,N,N,N,N,N,N,N,T,NA,N,T,T,N,T,N,N,T,N,G,N,G,N,N,T,N,T,N,T,NA,N,T,T,T,G,T,G,T,N,T,T,N,N,N,T,NA,N,N,N,N,T,N,T,N,N,N,N,T,T,N,N
Import Dev,Genotype,2015-11-17 12:04:43.855141+00:00,,'567909':2 'genotyp':4 's9':1 'unknown':3,2015-11-17 12:04:43.856910+00:00,Dev,70,S9_567909,unknown,,"{""type"":""Point"",""coordinates"":[0,0]}",Genotype /,,2015-11-17 12:04:43.856897+00:00,Genotype./,1,T,T,T/G,N,T,T,N,T,NA,N,N,N,G,N,T,N,N,T,T,N,T,T,T,N,N,N,T,T,T,N,T,T,N,T,N,T,N,N,T,N,9,+,T,NA,N,T,T,N,N,G,N,N,T,T,T,T,T,T,N,T,N,N,T,T,T,N,N,T,N,T,T,N,N,T,T,N,N,N,T,N,N,N,N,T,N,T,N,N,N,N,G,G,T,N,N,T,T,T,N,T,N,T,N,T,T,N,567909,S9_567909,T,N,T,N,N,T,N,N,T,T,N,N,N,N,T,N,T,T,T,T,N,N,N,N,T,N,N,NA,N,N,N,N,T,T,T,N,N,G,N,N,N,N,T,NA,N,T,T,N,N,N,N,N,T,N,T,N,N,T,T,T,T,T,N,NA,N,T,N,T,G,T,G,N,T,N,T,T,T,T,N,NA,N,N,N,T,T,T,N,N,N,N,T,T,N,N,N
Import Dev,Genotype,2015-11-17 12:04:43.880883+00:00,,'572497':2 'genotyp':4 's9':1 'unknown':3,2015-11-17 12:04:43.887227+00:00,Dev,71,S9_572497,unknown,,"{""type"":""Point"",""coordinates"":[0,0]}",Genotype /,,2015-11-17 12:04:43.887171+00:00,Genotype./,1,N,C,C/T,N,C,C,C,C,NA,C,N,N,N,C,N,C,C,C,C,N,C,C,C,N,N,N,N,N,C,C,C,N,C,C,N,N,N,C,N,N,9,+,C,NA,C,N,T,N,N,C,N,N,C,N,C,C,N,N,N,C,N,C,N,N,C,N,C,C,C,C,C,C,N,N,C,C,N,C,C,N,C,N,N,T,C,C,C,N,C,C,N,N,C,N,C,N,C,C,N,C,N,N,C,C,C,C,572497,S9_572497,C,N,N,N,N,N,C,C,C,C,C,C,C,N,C,C,C,C,C,N,C,N,N,C,C,C,N,NA,C,C,C,N,C,T,N,C,N,C,N,C,N,C,C,NA,C,C,C,C,C,N,N,C,C,N,N,N,C,N,N,C,N,N,N,NA,C,C,N,N,C,N,N,N,C,N,C,C,C,C,C,NA,N,C,N,C,C,C,C,N,C,N,C,C,C,N,C
Import Dev,Genotype,2015-11-17 12:04:43.914526+00:00,,'572504':2 'genotyp':4 's9':1 'unknown':3,2015-11-17 12:04:43.920026+00:00,Dev,72,S9_572504,unknown,,"{""type"":""Point"",""coordinates"":[0,0]}",Genotype /,,2015-11-17 12:04:43.920009+00:00,Genotype./,1,N,C,C/T,N,C,C,T,C,NA,C,N,N,N,C,N,C,C,C,C,N,C,C,C,N,N,N,N,N,C,C,C,N,C,C,N,N,N,C,N,N,9,+,C,NA,C,N,C,N,N,T,N,N,C,N,C,C,N,N,N,C,N,C,N,N,C,N,C,C,C,C,C,C,N,N,C,C,N,C,C,N,C,N,N,C,C,C,C,N,C,C,N,N,C,N,C,N,C,C,N,C,N,N,C,C,C,C,572504,S9_572504,C,N,N,N,N,N,C,C,C,C,C,C,C,N,C,C,C,C,C,N,C,N,N,C,C,C,N,NA,C,C,C,N,C,C,N,C,N,C,N,C,N,C,C,NA,C,C,C,C,C,N,N,C,C,N,N,N,C,N,N,C,N,N,N,NA,C,C,N,N,T,N,N,N,C,N,C,C,C,C,C,NA,N,C,N,C,C,C,C,N,C,N,C,C,C,N,C
Import Dev,Genotype,2015-11-17 12:04:43.946387+00:00,,'574834':2 'genotyp':4 's9':1 'unknown':3,2015-11-17 12:04:43.948439+00:00,Dev,73,S9_574834,unknown,,"{""type"":""Point"",""coordinates"":[0,0]}",Genotype /,,2015-11-17 12:04:43.948422+00:00,Genotype./,1,N,N,G/A,N,G,N,N,N,NA,N,N,N,N,N,N,N,N,N,N,N,A,G,N,N,N,G,N,N,N,N,N,G,N,N,N,N,N,N,N,N,9,+,N,NA,N,N,A,N,N,N,N,N,A,N,G,N,N,N,N,G,N,N,N,N,N,N,N,N,N,N,G,G,N,A,N,N,N,N,N,N,N,N,N,N,N,N,N,N,N,N,A,N,N,N,N,N,N,N,N,N,N,N,N,N,N,N,574834,S9_574834,N,N,G,N,N,N,N,N,N,N,G,N,N,N,A,N,N,N,N,N,N,N,N,N,N,G,G,NA,N,N,N,N,G,A,N,N,N,A,N,N,N,N,N,NA,N,N,N,N,N,N,N,N,N,N,N,A,N,N,N,G,N,N,N,NA,N,G,N,N,N,N,A,N,N,N,N,N,N,G,N,NA,N,N,N,N,N,N,N,N,N,N,A,G,A,N,G
Import Dev,Genotype,2015-11-17 12:04:43.971758+00:00,,'574894':2 'genotyp':4 's9':1 'unknown':3,2015-11-17 12:04:43.973793+00:00,Dev,74,S9_574894,unknown,,"{""type"":""Point"",""coordinates"":[0,0]}",Genotype /,,2015-11-17 12:04:43.973777+00:00,Genotype./,1,N,G,A/G,A,N,N,N,N,NA,N,N,N,N,N,N,N,N,N,N,N,N,A,N,N,N,N,A,N,N,N,N,N,N,A,N,G,N,N,N,N,9,+,G,NA,N,N,N,N,N,N,N,N,N,N,N,A,N,N,N,N,N,N,N,N,N,N,N,N,N,N,N,N,N,N,N,G,N,N,N,N,N,N,N,N,N,N,N,N,N,A,G,N,G,N,N,N,N,N,N,G,N,A,N,A,N,N,574894,S9_574894,N,N,N,N,N,N,N,N,N,N,N,N,N,N,N,N,G,G,A,N,N,N,N,N,N,N,N,NA,N,N,N,N,A,N,G,N,A,G,N,N,N,N,N,NA,N,N,A,A,N,N,N,N,N,N,N,N,N,N,N,A,N,N,N,NA,G,N,N,N,N,N,N,N,A,G,N,N,G,N,N,NA,N,N,N,N,N,A,G,N,N,N,N,N,N,N,N
Import Dev,Genotype,2015-11-17 12:04:43.997106+00:00,,'575075':2 'genotyp':4 's9':1 'unknown':3,2015-11-17 12:04:43.999146+00:00,Dev,75,S9_575075,unknown,,"{""type"":""Point"",""coordinates"":[0,0]}",Genotype /,,2015-11-17 12:04:43.999129+00:00,Genotype./,1,N,N,T/C,N,T,N,C,C,NA,N,N,N,N,N,T,N,N,N,N,N,C,T,N,N,N,N,T,C,N,T,T,T,N,T,N,N,N,T,T,N,9,+,C,NA,N,N,N,N,N,N,N,C,C,N,T,N,N,N,N,T,N,T,N,N,N,N,N,T,N,T,T,N,N,C,N,N,C,C,T,N,N,N,N,N,N,T,N,N,C,N,N,N,C,N,N,N,N,N,N,N,N,N,N,N,N,N,575075,S9_575075,N,N,N,N,N,T,N,N,N,N,T,N,N,N,C,N,N,N,N,N,T,N,N,C,N,N,N,NA,N,N,N,N,N,N,N,N,N,N,N,N,N,C,N,NA,N,N,T,T,N,N,N,N,C,N,N,C,T,N,N,T,N,N,T,NA,N,N,N,N,C,N,N,N,T,N,N,N,N,N,N,NA,C,C,N,N,C,T,N,N,N,N,C,N,N,N,N
Import Dev,Genotype,2015-11-17 12:04:44.022839+00:00,,'575085':2 'genotyp':4 's9':1 'unknown':3,2015-11-17 12:04:44.029207+00:00,Dev,76,S9_575085,unknown,,"{""type"":""Point"",""coordinates"":[0,0]}",Genotype /,,2015-11-17 12:04:44.029150+00:00,Genotype./,1,N,N,G/A,N,G,N,G,A,NA,N,N,N,N,N,G,N,N,N,N,N,A,G,N,N,N,N,G,A,N,G,G,G,N,G,N,N,N,G,G,N,9,+,A,NA,N,N,N,N,N,N,N,A,A,N,G,N,N,N,N,G,N,G,N,N,N,N,N,G,N,G,G,N,N,A,N,N,A,A,G,N,N,N,N,N,N,G,N,N,A,N,N,N,A,N,N,N,N,N,N,N,N,N,N,N,N,N,575085,S9_575085,N,N,N,N,N,G,N,N,N,N,G,N,N,N,A,N,N,N,N,N,G,N,N,A,N,N,N,NA,N,N,N,N,N,N,N,N,N,N,N,N,N,A,N,NA,N,N,G,G,N,N,N,N,A,N,N,G,G,N,N,G,N,N,G,NA,N,N,N,N,G,N,N,N,G,N,N,N,N,N,N,NA,A,A,N,N,A,G,N,N,N,N,A,N,N,N,N
Import Dev,Genotype,2015-11-17 12:04:44.056168+00:00,,'575093':2 'genotyp':4 's9':1 'unknown':3,2015-11-17 12:04:44.059214+00:00,Dev,77,S9_575093,unknown,,"{""type"":""Point"",""coordinates"":[0,0]}",Genotype /,,2015-11-17 12:04:44.059188+00:00,Genotype./,1,N,N,G/T,N,G,N,T,G,NA,N,N,N,N,N,G,N,N,N,N,N,G,G,N,N,N,N,G,G,N,G,G,G,N,G,N,N,N,G,G,N,9,+,G,NA,N,N,N,N,N,N,N,G,G,N,G,N,N,N,N,G,N,G,N,N,N,N,N,G,N,G,G,N,N,G,N,N,G,G,G,N,N,N,N,N,N,G,N,N,G,N,N,N,G,N,N,N,N,N,N,N,N,N,N,N,N,N,575093,S9_575093,N,N,N,N,N,G,N,N,N,N,G,N,N,N,G,N,N,N,N,N,G,N,N,G,N,N,N,NA,N,N,N,N,N,N,N,N,N,N,N,N,N,G,N,NA,N,N,G,G,N,N,N,N,G,N,N,T,G,N,N,G,N,N,G,NA,N,N,N,N,T,N,N,N,G,N,N,N,N,N,N,NA,G,G,N,N,G,G,N,N,N,N,G,N,N,N,N
Import Dev,Genotype,2015-11-17 12:04:44.090170+00:00,,'575099':2 'genotyp':4 's9':1 'unknown':3,2015-11-17 12:04:44.096473+00:00,Dev,78,S9_575099,unknown,,"{""type"":""Point"",""coordinates"":[0,0]}",Genotype /,,2015-11-17 12:04:44.096417+00:00,Genotype./,1,N,N,A/G,N,A,N,G,A,NA,N,N,N,N,N,A,N,N,N,N,N,A,A,N,N,N,N,A,A,N,A,A,A,N,A,N,N,N,A,A,N,9,+,A,NA,N,N,N,N,N,N,N,A,A,N,A,N,N,N,N,A,N,A,N,N,N,N,N,A,N,A,A,N,N,A,N,N,A,A,A,N,N,N,N,N,N,A,N,N,A,N,N,N,A,N,N,N,N,N,N,N,N,N,N,N,N,N,575099,S9_575099,N,N,N,N,N,A,N,N,N,N,A,N,N,N,A,N,N,N,N,N,A,N,N,A,N,N,N,NA,N,N,N,N,N,N,N,N,N,N,N,N,N,A,N,NA,N,N,A,A,N,N,N,N,A,N,N,G,A,N,N,A,N,N,A,NA,N,N,N,N,G,N,N,N,A,N,N,N,N,N,N,NA,A,A,N,N,A,A,N,N,N,N,A,N,N,N,N
Import Dev,Genotype,2015-11-17 12:04:44.123830+00:00,,'575102':2 'genotyp':4 's9':1 'unknown':3,2015-11-17 12:04:44.130111+00:00,Dev,79,S9_575102,unknown,,"{""type"":""Point"",""coordinates"":[0,0]}",Genotype /,,2015-11-17 12:04:44.130056+00:00,Genotype./,1,N,N,T/C,N,T,N,T,C,NA,N,N,N,N,N,T,N,N,N,N,N,C,T,N,N,N,N,T,C,N,T,T,T,N,T,N,N,N,T,T,N,9,+,C,NA,N,N,N,N,N,N,N,C,C,N,T,N,N,N,N,T,N,T,N,N,N,N,N,T,N,T,T,N,N,C,N,N,C,C,T,N,N,N,N,N,N,T,N,N,C,N,N,N,C,N,N,N,N,N,N,N,N,N,N,N,N,N,575102,S9_575102,N,N,N,N,N,T,N,N,N,N,T,N,N,N,C,N,N,N,N,N,T,N,N,C,N,N,N,NA,N,N,N,N,N,N,N,N,N,N,N,N,N,C,N,NA,N,N,T,T,N,N,N,N,C,N,N,T,T,N,N,T,N,N,T,NA,N,N,N,N,T,N,N,N,T,N,N,N,N,N,N,NA,C,C,N,N,C,T,N,N,N,N,C,N,N,N,N
Import Dev,Genotype,2015-11-17 12:04:44.157473+00:00,,'575668':2 'genotyp':4 's9':1 'unknown':3,2015-11-17 12:04:44.163257+00:00,Dev,80,S9_575668,unknown,,"{""type"":""Point"",""coordinates"":[0,0]}",Genotype /,,2015-11-17 12:04:44.163213+00:00,Genotype./,1,A,N,G/A,G,G,N,G,A,NA,N,N,N,N,N,N,N,N,N,N,N,G,G,A,N,N,N,G,N,N,G,G,G,N,N,N,A,N,G,N,N,9,+,A,NA,G,A,A,N,N,N,N,N,A,N,N,G,N,N,N,G,N,G,N,G,N,N,N,N,A,G,G,N,N,A,G,A,A,N,N,N,N,N,G,N,N,N,N,N,N,G,A,N,N,N,A,N,G,A,G,A,G,N,N,G,N,N,575668,S9_575668,N,N,G,N,N,N,G,N,G,A,G,G,N,N,N,G,N,N,N,N,N,N,N,N,N,N,G,NA,N,G,G,N,N,N,N,N,N,N,A,N,N,A,N,NA,N,G,G,N,N,N,N,N,N,N,N,N,N,A,N,N,N,N,G,NA,N,N,N,N,G,N,N,G,G,N,G,G,A,G,G,NA,N,N,N,N,A,G,N,N,N,N,N,G,A,N,N
Import Dev,Genotype,2015-11-17 12:04:44.191008+00:00,,'696966':2 'genotyp':4 's9':1 'unknown':3,2015-11-17 12:04:44.197331+00:00,Dev,81,S9_696966,unknown,,"{""type"":""Point"",""coordinates"":[0,0]}",Genotype /,,2015-11-17 12:04:44.197274+00:00,Genotype./,1,N,N,A/G,G,A,N,N,N,NA,N,N,A,N,N,N,N,N,N,N,N,N,A,N,N,N,A,A,N,A,A,N,A,N,G,N,N,N,A,A,N,9,+,N,NA,G,N,N,N,N,N,N,N,N,N,G,A,N,N,N,N,N,N,N,N,N,N,N,A,N,A,A,N,G,N,A,N,N,N,G,A,G,N,N,N,G,N,N,N,N,N,N,N,N,N,N,N,A,N,N,N,N,N,N,N,N,N,696966,S9_696966,N,N,A,N,N,N,A,N,N,A,N,A,N,N,N,A,N,N,G,A,N,N,A,N,N,N,A,NA,N,A,N,N,A,N,N,N,N,N,N,N,N,N,N,NA,N,N,A,A,N,N,N,N,N,N,N,N,N,N,N,G,G,N,N,NA,N,G,N,N,N,A,N,N,A,N,A,G,N,N,N,NA,N,N,N,A,N,A,N,N,N,N,N,G,N,N,A
Import Dev,Genotype,2015-11-17 12:04:44.223244+00:00,,'706057':2 'genotyp':4 's9':1 'unknown':3,2015-11-17 12:04:44.229436+00:00,Dev,82,S9_706057,unknown,,"{""type"":""Point"",""coordinates"":[0,0]}",Genotype /,,2015-11-17 12:04:44.229381+00:00,Genotype./,1,N,N,G/C,G,G,G,N,C,NA,N,N,C,G,C,N,N,N,C,C,N,N,G,C,N,G,N,G,C,N,N,G,G,N,G,N,C,N,G,G,N,9,+,C,NA,G,C,N,G,N,C,N,C,C,G,N,N,G,N,C,C,N,N,G,G,N,N,N,N,C,G,G,G,N,N,G,N,N,N,G,G,N,N,G,G,G,N,C,N,N,G,C,N,C,N,C,C,G,C,N,C,G,N,N,G,C,C,706057,S9_706057,C,N,G,N,C,N,G,N,G,C,N,N,C,C,G,G,C,C,G,N,N,N,N,N,G,G,G,NA,N,G,G,C,N,G,N,G,N,C,N,C,N,C,C,NA,G,G,N,G,N,N,N,N,C,C,N,C,N,N,N,N,G,G,G,NA,C,G,N,N,C,G,C,G,G,C,G,N,C,G,N,NA,N,C,N,G,C,G,C,N,N,N,C,G,N,N,N
Import Dev,Genotype,2015-11-17 12:04:44.256855+00:00,,'706268':2 'genotyp':4 's9':1 'unknown':3,2015-11-17 12:04:44.260326+00:00,Dev,83,S9_706268,unknown,,"{""type"":""Point"",""coordinates"":[0,0]}",Genotype /,,2015-11-17 12:04:44.260296+00:00,Genotype./,1,N,G,G/T,N,G,N,N,G,NA,N,N,G,N,N,N,N,N,N,G,N,N,N,N,N,N,N,N,N,N,N,N,N,G,T,N,N,N,N,N,N,9,+,N,NA,N,G,N,N,N,T,N,N,N,N,T,N,N,G,N,N,N,N,T,N,N,N,N,N,N,G,N,N,N,G,N,N,N,N,N,N,N,N,N,G,N,N,N,N,G,N,G,N,N,N,N,N,N,N,N,N,N,N,N,N,N,N,706268,S9_706268,N,N,G,N,G,N,N,N,N,N,T,N,N,G,T,N,N,N,N,G,N,G,N,N,N,N,G,NA,N,N,N,G,N,N,N,N,N,G,N,N,N,N,N,NA,N,N,N,N,N,N,N,N,G,G,N,N,N,G,N,T,N,N,N,NA,G,N,N,N,G,N,N,G,N,N,N,N,N,T,G,NA,N,N,N,N,N,G,N,N,N,N,G,N,N,N,N
Import Dev,Genotype,2015-11-17 12:04:44.348628+00:00,,'706268':2 'genotyp':4 's9':1 'unknown':3,2015-11-17 12:04:44.350977+00:00,Dev,84,S9_706268,unknown,,"{""type"":""Point"",""coordinates"":[0,0]}",Genotype /,,2015-11-17 12:04:44.350958+00:00,Genotype./,1,G,N,G/T,T,G,N,N,G,NA,G,N,G,N,N,N,N,N,N,N,N,N,N,N,N,N,N,G,G,N,G,N,G,N,N,N,N,N,N,N,N,9,+,N,NA,N,N,N,N,N,N,N,N,N,N,T,N,N,N,N,N,N,N,N,N,N,G,N,N,N,N,N,N,N,N,N,N,N,N,N,N,N,N,T,G,N,N,N,N,N,N,G,N,N,N,N,N,N,N,N,N,N,N,N,N,N,N,706268,S9_706268,G,N,N,N,N,N,N,N,N,N,N,N,N,N,N,N,G,N,G,N,N,N,N,N,N,N,N,NA,N,N,N,G,N,G,N,N,N,N,N,N,N,N,N,NA,N,T,G,N,N,N,N,N,G,N,N,N,N,N,T,N,N,N,N,NA,N,N,N,N,N,N,G,N,G,N,N,T,G,N,N,NA,N,N,N,G,N,N,G,N,N,N,N,N,N,N,N
Import Dev,Genotype,2015-11-17 12:04:44.382743+00:00,,'706307':2 'genotyp':4 's9':1 'unknown':3,2015-11-17 12:04:44.389193+00:00,Dev,85,S9_706307,unknown,,"{""type"":""Point"",""coordinates"":[0,0]}",Genotype /,,2015-11-17 12:04:44.389137+00:00,Genotype./,1,N,N,T/C,N,N,N,N,N,NA,N,N,N,N,N,N,N,N,C,C,T,N,N,N,N,N,N,N,N,N,N,T,N,N,T,C,N,N,N,N,N,9,+,N,NA,T,N,N,N,N,T,N,N,N,N,T,N,N,N,C,N,N,N,N,N,N,N,N,N,N,N,N,N,T,N,N,N,N,N,T,C,T,N,T,N,N,N,N,N,N,N,N,N,N,N,N,N,N,N,N,N,N,N,C,T,T,C,706307,S9_706307,N,N,N,N,N,N,N,N,T,N,T,N,N,N,T,N,N,N,N,N,N,N,N,N,N,N,N,NA,N,N,N,N,N,N,N,N,N,N,N,N,N,N,N,NA,N,T,N,N,N,N,N,N,N,C,N,N,N,N,T,T,T,N,N,NA,N,T,N,N,N,N,N,N,N,N,N,T,N,T,N,NA,N,N,N,N,N,N,N,N,N,N,N,C,N,N,N
Import Dev,Genotype,2015-11-17 12:04:44.416394+00:00,,'706439':2 'genotyp':4 's9':1 'unknown':3,2015-11-17 12:04:44.422208+00:00,Dev,86,S9_706439,unknown,,"{""type"":""Point"",""coordinates"":[0,0]}",Genotype /,,2015-11-17 12:04:44.422163+00:00,Genotype./,1,N,C,A/C,A,A,A,N,A,NA,C,N,A,A,A,N,A,N,C,C,A,A,A,N,N,N,N,A,A,N,N,A,A,A,A,A,A,N,A,A,N,9,+,A,NA,A,A,A,A,N,N,N,N,C,A,A,A,A,N,A,C,A,A,C,A,N,A,N,A,N,A,N,A,A,A,A,N,A,C,A,A,A,N,A,A,A,N,A,N,A,A,A,A,A,N,N,A,A,N,A,N,A,A,A,N,A,C,706439,S9_706439,N,N,N,A,C,A,A,A,N,A,A,N,N,A,A,A,C,N,A,N,N,A,N,A,A,A,A,NA,N,A,N,N,N,A,A,N,A,A,N,N,N,A,A,NA,N,A,A,N,N,N,N,N,C,N,C,N,A,N,A,A,A,N,N,NA,C,A,A,N,A,A,A,N,A,A,A,A,N,A,A,NA,N,N,A,A,A,A,A,N,N,N,C,A,A,A,A
Import Dev,Genotype,2015-11-17 12:04:44.449907+00:00,,'706448':2 'genotyp':4 's9':1 'unknown':3,2015-11-17 12:04:44.456110+00:00,Dev,87,S9_706448,unknown,,"{""type"":""Point"",""coordinates"":[0,0]}",Genotype /,,2015-11-17 12:04:44.456055+00:00,Genotype./,1,N,A,G/A,G,G,G,N,G,NA,A,N,G,G,G,N,G,N,A,A,G,G,G,N,N,N,N,G,G,N,N,G,G,G,G,G,G,N,G,G,N,9,+,G,NA,G,G,G,G,N,N,N,N,A,G,G,G,G,N,G,A,G,G,A,G,N,G,N,G,N,G,N,G,G,G,G,N,G,A,G,G,G,N,G,G,G,N,G,N,G,G,G,G,G,N,N,G,G,N,G,N,G,G,G,N,G,A,706448,S9_706448,N,N,N,G,A,G,G,G,N,G,G,N,N,G,G,G,A,N,G,N,N,G,N,G,G,G,G,NA,N,G,N,N,N,G,G,N,G,G,N,N,N,G,G,NA,N,G,G,N,N,N,N,N,A,N,A,N,G,N,G,G,G,N,N,NA,A,G,G,N,G,G,G,N,G,G,G,G,N,G,G,NA,N,N,G,G,G,G,G,N,N,N,A,G,G,G,G
Import Dev,Genotype,2015-11-17 12:04:44.483917+00:00,,'706537':2 'genotyp':4 's9':1 'unknown':3,2015-11-17 12:04:44.490248+00:00,Dev,88,S9_706537,unknown,,"{""type"":""Point"",""coordinates"":[0,0]}",Genotype /,,2015-11-17 12:04:44.490193+00:00,Genotype./,1,C,T,C/T,T,N,C,C,C,NA,N,N,C,T,C,N,N,C,T,N,T,N,C,C,N,N,C,N,N,N,N,T,N,N,T,N,C,N,C,N,N,9,+,C,NA,T,C,N,N,N,N,N,N,T,C,T,C,C,N,C,T,C,C,T,N,C,C,N,C,C,N,N,N,N,N,C,C,C,N,T,N,N,N,N,C,N,N,N,N,N,N,C,C,N,N,N,T,C,C,N,C,C,N,C,C,C,N,706537,S9_706537,C,N,C,N,T,C,C,N,T,C,T,N,N,C,T,C,T,N,C,C,C,C,C,C,C,C,N,NA,N,C,N,C,C,C,C,C,N,N,C,N,N,C,C,NA,N,T,C,N,N,N,N,N,N,N,N,N,C,N,T,N,N,N,N,NA,N,N,C,T,C,C,N,N,C,C,C,T,N,T,N,NA,N,N,N,N,C,C,C,N,N,N,T,N,C,C,C
Import Dev,Genotype,2015-11-17 12:04:44.516984+00:00,,'706537':2 'genotyp':4 's9':1 'unknown':3,2015-11-17 12:04:44.519827+00:00,Dev,89,S9_706537,unknown,,"{""type"":""Point"",""coordinates"":[0,0]}",Genotype /,,2015-11-17 12:04:44.519770+00:00,Genotype./,1,N,T,C/T,T,N,N,N,N,NA,N,N,C,T,C,N,N,C,T,T,N,N,N,N,N,N,N,N,N,N,N,T,C,N,T,N,N,N,C,N,N,9,+,N,NA,T,C,N,C,N,T,C,N,T,C,T,C,N,T,N,T,N,N,T,N,N,N,N,N,N,C,N,N,N,C,C,N,N,T,T,N,T,N,T,C,N,N,T,N,N,N,C,N,N,N,N,T,N,N,C,N,C,N,C,C,C,T,706537,S9_706537,N,N,N,N,N,N,N,N,T,N,N,N,N,N,N,N,T,N,C,N,N,C,N,C,N,N,N,NA,N,N,N,C,N,C,N,N,N,C,N,N,N,N,N,NA,N,N,C,N,N,N,N,N,T,N,T,C,N,N,T,C,N,N,C,NA,T,N,N,N,C,N,N,N,N,C,N,N,N,T,N,NA,N,N,N,N,N,N,C,N,N,N,T,C,N,N,C
Import Dev,Genotype,2015-11-17 12:04:44.551019+00:00,,'706659':2 'genotyp':4 's9':1 'unknown':3,2015-11-17 12:04:44.557405+00:00,Dev,90,S9_706659,unknown,,"{""type"":""Point"",""coordinates"":[0,0]}",Genotype /,,2015-11-17 12:04:44.557348+00:00,Genotype./,1,A,C,A/C,C,N,N,A,A,NA,N,N,A,N,A,N,N,A,C,C,C,A,A,A,N,N,N,A,A,A,A,C,N,A,C,N,A,N,A,N,N,9,+,A,NA,C,A,A,N,N,C,N,N,C,A,C,A,N,N,A,C,A,N,C,N,N,A,N,A,N,N,N,N,C,A,N,N,N,C,C,A,N,N,C,A,C,A,C,N,A,A,A,N,A,N,N,C,N,A,A,A,A,N,N,N,A,N,706659,S9_706659,A,N,A,A,N,N,N,A,C,A,C,N,A,A,C,A,C,N,A,A,A,A,N,A,A,A,A,NA,N,A,N,A,N,N,A,A,A,C,N,N,N,N,A,NA,A,C,A,N,A,N,N,A,C,A,N,A,N,N,N,A,N,A,N,NA,N,C,A,C,A,A,A,N,A,A,A,C,N,C,A,NA,A,A,A,N,A,A,A,N,N,N,N,A,A,N,A
Import Dev,Genotype,2015-11-17 12:04:44.691111+00:00,,'706659':2 'genotyp':4 's9':1 'unknown':3,2015-11-17 12:04:44.692903+00:00,Dev,91,S9_706659,unknown,,"{""type"":""Point"",""coordinates"":[0,0]}",Genotype /,,2015-11-17 12:04:44.692889+00:00,Genotype./,1,A,C,A/C,C,A,A,A,A,NA,N,N,A,C,A,N,N,A,C,C,N,N,A,A,N,N,A,A,A,N,N,C,A,A,C,A,A,N,A,N,N,9,+,A,NA,C,A,A,A,N,C,A,N,C,A,N,A,A,C,N,C,A,N,C,A,A,A,N,A,A,A,N,N,C,N,A,A,A,N,C,N,C,N,N,N,C,A,C,N,N,N,A,N,A,A,N,N,N,N,N,A,A,N,A,N,N,N,706659,S9_706659,A,N,A,N,C,A,N,A,C,N,C,N,A,A,C,A,C,A,A,N,N,A,N,A,A,A,A,NA,N,A,A,A,A,A,N,A,A,N,M,A,N,N,A,NA,A,C,A,N,A,N,N,A,C,A,C,A,A,N,C,A,N,N,A,NA,C,C,A,C,A,A,A,N,A,N,A,N,N,C,A,NA,N,A,N,N,N,N,A,N,N,N,C,A,A,A,A
Import Dev,Genotype,2015-11-17 12:04:44.804340+00:00,,'712094':2 'genotyp':4 's9':1 'unknown':3,2015-11-17 12:04:44.806097+00:00,Dev,92,S9_712094,unknown,,"{""type"":""Point"",""coordinates"":[0,0]}",Genotype /,,2015-11-17 12:04:44.806084+00:00,Genotype./,1,N,T,T/C,T,N,N,N,N,NA,T,N,T,N,N,N,T,N,T,T,T,N,N,T,T,N,N,N,N,N,N,T,N,N,T,N,N,N,N,N,N,9,+,T,NA,T,T,N,N,N,T,N,T,T,T,T,N,N,T,N,T,N,N,T,N,T,T,T,N,N,N,N,T,T,N,N,N,T,N,T,N,T,T,N,T,T,N,T,N,T,N,T,T,N,T,N,T,N,N,N,T,N,N,T,C,T,T,712094,S9_712094,T,N,N,N,T,N,N,N,T,T,T,N,N,N,T,N,T,T,N,N,N,T,N,N,N,N,N,NA,N,N,N,N,N,N,T,N,N,T,N,T,N,N,T,NA,N,N,N,N,T,N,N,N,T,N,T,C,N,T,T,C,N,N,N,NA,N,T,T,N,T,N,T,N,N,T,N,T,N,T,N,NA,N,T,N,N,N,N,T,N,N,T,T,N,T,N,N
Import Dev,Genotype,2015-11-17 12:04:44.955019+00:00,,'712095':2 'genotyp':4 's9':1 'unknown':3,2015-11-17 12:04:44.960146+00:00,Dev,93,S9_712095,unknown,,"{""type"":""Point"",""coordinates"":[0,0]}",Genotype /,,2015-11-17 12:04:44.960132+00:00,Genotype./,1,N,T,T/A,T,N,N,N,N,NA,T,N,T,N,N,N,T,N,T,T,T,N,N,T,T,N,N,N,N,N,N,T,N,N,T,N,N,N,N,N,N,9,+,T,NA,T,T,N,N,N,T,N,T,T,T,T,N,N,T,N,T,N,N,T,N,T,T,T,N,N,N,N,T,T,N,N,N,T,N,T,N,T,T,N,T,T,N,T,N,T,N,T,T,N,T,N,T,N,N,N,T,N,N,T,A,T,T,712095,S9_712095,T,N,N,N,T,N,N,N,T,T,T,N,N,N,T,N,T,T,N,N,N,T,N,N,N,N,N,NA,N,N,N,N,N,N,T,N,N,T,N,T,N,N,T,NA,N,N,N,N,T,N,N,N,T,N,T,A,N,T,T,A,N,N,N,NA,N,T,T,N,T,N,T,N,N,T,N,T,N,T,N,NA,N,T,N,N,N,N,T,N,N,T,T,N,T,N,N
Import Dev,Genotype,2015-11-17 12:04:45.096428+00:00,,'889939':2 'genotyp':4 's9':1 'unknown':3,2015-11-17 12:04:45.098219+00:00,Dev,94,S9_889939,unknown,,"{""type"":""Point"",""coordinates"":[0,0]}",Genotype /,,2015-11-17 12:04:45.098205+00:00,Genotype./,1,N,N,G/A,N,N,N,N,N,NA,G,N,G,N,N,N,N,G,N,N,A,N,N,N,N,N,G,G,N,N,N,N,N,N,N,N,N,N,N,N,N,9,+,N,NA,N,N,N,N,N,N,N,N,N,N,N,N,N,N,G,N,N,N,N,N,N,N,N,N,N,N,N,N,N,N,N,N,N,N,N,N,N,G,N,N,N,N,G,N,N,N,N,N,N,N,N,N,N,N,N,N,G,N,N,A,N,N,889939,S9_889939,N,N,N,N,N,N,G,N,N,N,N,N,N,N,N,G,A,N,N,N,G,R,N,N,N,N,N,NA,N,N,N,N,N,N,N,N,N,N,N,N,N,N,N,NA,G,N,N,N,N,N,N,N,N,N,N,A,N,N,N,N,N,N,N,NA,N,N,N,A,N,N,N,N,G,N,N,N,N,N,N,NA,N,N,N,N,N,G,A,N,N,N,N,N,N,N,N
Import Dev,Genotype,2015-11-17 12:04:45.228683+00:00,,'889944':2 'genotyp':4 's9':1 'unknown':3,2015-11-17 12:04:45.231010+00:00,Dev,95,S9_889944,unknown,,"{""type"":""Point"",""coordinates"":[0,0]}",Genotype /,,2015-11-17 12:04:45.230994+00:00,Genotype./,1,N,N,A/G,N,N,N,N,N,NA,A,N,A,N,N,N,N,A,N,N,G,N,N,N,N,N,A,A,N,N,N,N,N,N,N,N,N,N,N,N,N,9,+,N,NA,N,N,N,N,N,N,N,N,N,N,N,N,N,N,A,N,N,N,N,N,N,N,N,N,N,N,N,N,N,N,N,N,N,N,N,N,N,A,N,N,N,N,A,N,N,N,N,N,N,N,N,N,N,N,N,N,A,N,N,G,N,N,889944,S9_889944,N,N,N,N,N,N,A,N,N,N,N,N,N,N,N,A,G,N,N,N,A,R,N,N,N,N,N,NA,N,N,N,N,N,N,N,N,N,N,N,N,N,N,N,NA,A,N,N,N,N,N,N,N,N,N,N,G,N,N,N,N,N,N,N,NA,N,N,N,G,N,N,N,N,A,N,N,N,N,N,N,NA,N,N,N,N,N,A,G,N,N,N,N,N,N,N,N
Import Dev,Genotype,2015-11-17 12:04:45.353946+00:00,,'999394':2 'genotyp':4 's9':1 'unknown':3,2015-11-17 12:04:45.357314+00:00,Dev,96,S9_999394,unknown,,"{""type"":""Point"",""coordinates"":[0,0]}",Genotype /,,2015-11-17 12:04:45.357258+00:00,Genotype./,1,N,C,T/C,N,N,N,C,T,NA,T,N,T,N,N,N,T,N,N,C,T,N,N,N,N,N,N,N,C,N,N,N,N,N,C,N,T,N,N,N,N,9,+,T,NA,N,T,T,N,N,N,N,N,C,T,N,N,N,N,N,C,T,N,T,N,T,N,T,N,N,N,N,N,N,N,N,N,T,N,C,N,N,N,C,T,C,N,T,N,C,N,C,N,N,N,T,T,N,N,N,T,N,N,N,N,N,N,999394,S9_999394,T,N,N,N,N,N,N,T,N,N,N,N,N,N,N,N,C,T,N,N,N,N,N,N,N,N,N,NA,N,N,N,N,N,N,N,N,N,T,T,T,N,T,N,NA,N,C,N,N,N,N,N,N,N,C,T,T,N,T,N,N,N,N,N,NA,T,N,N,N,N,N,N,N,N,N,N,N,N,C,N,NA,N,N,N,N,T,N,T,N,N,N,N,T,T,N,N
Import Dev,Genotype,2015-11-17 12:04:45.434654+00:00,,'999394':2 'genotyp':4 's9':1 'unknown':3,2015-11-17 12:04:45.437915+00:00,Dev,97,S9_999394,unknown,,"{""type"":""Point"",""coordinates"":[0,0]}",Genotype /,,2015-11-17 12:04:45.437892+00:00,Genotype./,1,T,C,T/C,N,N,N,C,N,NA,T,N,T,N,T,N,N,C,N,C,T,N,N,T,N,N,N,N,C,N,N,C,N,N,N,N,N,N,N,N,N,9,+,T,NA,N,T,T,N,N,N,N,N,C,T,N,N,N,C,N,C,T,N,N,N,T,N,T,N,T,N,T,N,N,C,N,N,T,N,C,N,N,N,C,T,N,N,T,N,N,N,C,N,N,N,N,T,N,N,N,N,N,N,N,N,N,N,999394,S9_999394,T,N,N,N,N,N,N,N,N,N,N,N,N,N,T,N,N,T,N,N,N,N,N,N,N,N,N,NA,N,N,N,N,N,N,N,N,N,N,N,T,N,T,N,NA,N,C,N,N,N,N,N,T,N,C,T,T,N,N,C,N,N,N,N,NA,T,N,N,N,N,N,C,N,N,N,N,N,T,C,N,NA,N,N,N,N,T,N,T,N,N,N,N,T,T,N,N
Import Dev,Genotype,2015-11-17 12:04:45.467964+00:00,,'999410':2 'genotyp':4 's9':1 'unknown':3,2015-11-17 12:04:45.470638+00:00,Dev,98,S9_999410,unknown,,"{""type"":""Point"",""coordinates"":[0,0]}",Genotype /,,2015-11-17 12:04:45.470615+00:00,Genotype./,1,N,T,T/A,N,N,N,T,T,NA,T,N,T,N,N,N,T,N,N,T,T,N,N,N,N,N,N,N,A,N,N,N,N,N,T,N,T,N,N,N,N,9,+,T,NA,N,T,T,N,N,N,N,N,T,T,N,N,N,N,N,A,T,N,T,N,T,N,T,N,N,N,N,N,N,N,N,N,T,N,T,N,N,N,T,T,T,N,T,N,A,N,T,N,N,N,T,T,N,N,N,T,N,N,N,N,N,N,999410,S9_999410,T,N,N,N,N,N,N,T,N,N,N,N,N,N,N,N,T,T,N,N,N,N,N,N,N,N,N,NA,N,N,N,N,N,N,N,N,N,T,T,T,N,T,N,NA,N,T,N,N,N,N,N,N,N,T,T,T,N,T,N,N,N,N,N,NA,T,N,N,N,N,N,N,N,N,N,N,N,N,T,N,NA,N,N,N,N,T,N,T,N,N,N,N,T,T,N,N
Import Dev,Genotype,2015-11-17 12:04:45.491968+00:00,,'999410':2 'genotyp':4 's9':1 'unknown':3,2015-11-17 12:04:45.494604+00:00,Dev,99,S9_999410,unknown,,"{""type"":""Point"",""coordinates"":[0,0]}",Genotype /,,2015-11-17 12:04:45.494580+00:00,Genotype./,1,T,T,T/A,N,N,N,T,N,NA,T,N,T,N,T,N,N,A,N,T,T,N,N,T,N,N,N,N,A,N,N,T,N,N,N,N,N,N,N,N,N,9,+,T,NA,N,T,T,N,N,N,N,N,T,T,N,N,N,T,N,A,T,N,N,N,T,N,T,N,T,N,T,N,N,T,N,N,T,N,T,N,N,N,T,T,N,N,T,N,N,N,T,N,N,N,N,T,N,N,N,N,N,N,N,N,N,N,999410,S9_999410,T,N,N,N,N,N,N,N,N,N,N,N,N,N,T,N,N,T,N,N,N,N,N,N,N,N,N,NA,N,N,N,N,N,N,N,N,N,N,N,T,N,T,N,NA,N,A,N,N,N,N,N,T,N,T,T,T,N,N,T,N,N,N,N,NA,T,N,N,N,N,N,T,N,N,N,N,N,T,T,N,NA,N,N,N,N,T,N,T,N,N,N,N,T,T,N,N
Import Dev,Genotype,2015-11-17 12:04:45.517289+00:00,,'999414':2 'genotyp':4 's9':1 'unknown':3,2015-11-17 12:04:45.519943+00:00,Dev,100,S9_999414,unknown,,"{""type"":""Point"",""coordinates"":[0,0]}",Genotype /,,2015-11-17 12:04:45.519920+00:00,Genotype./,1,N,G,A/G,N,N,N,G,A,NA,A,N,A,N,N,N,A,N,N,G,A,N,N,N,N,N,N,N,G,N,N,N,N,N,G,N,A,N,N,N,N,9,+,A,NA,N,A,A,N,N,N,N,N,G,A,N,N,N,N,N,G,A,N,A,N,A,N,A,N,N,N,N,N,N,N,N,N,A,N,G,N,N,N,G,A,G,N,A,N,G,N,G,N,N,N,A,A,N,N,N,A,N,N,N,N,N,N,999414,S9_999414,A,N,N,N,N,N,N,A,N,N,N,N,N,N,N,N,G,A,N,N,N,N,N,N,N,N,N,NA,N,N,N,N,N,N,N,N,N,A,A,A,N,A,N,NA,N,G,N,N,N,N,N,N,N,G,A,A,N,A,N,N,N,N,N,NA,A,N,N,N,N,N,N,N,N,N,N,N,N,G,N,NA,N,N,N,N,A,N,A,N,N,N,N,A,A,N,N
